delete from ECRIRE;
delete from AUTEUR;
delete from DETAILCOMMANDE;
delete from COMMANDE;
delete from POSSEDER;
delete from LIVRE;
delete from VENDEUR;
delete from MAGASIN;
delete from CLIENT;

insert into MAGASIN(idmag, nommag, villemag) values
	(1,'La librairie parisienne','Paris'),
	(2,'Cap au Sud','Marseilles'),
	(3,'Ty Li-Breizh-rie','Rennes'),
	(4,'L''européenne','Strasbourg'),
	(5,'Le Ch''ti livre','Lille'),
	(6,'Rhône à lire','Lyon'),
	(7,'Loire et livres','Orléans');

insert into CLIENT (idcli, nomcli, prenomcli, motdepassecli, adressecli, codepostal, villecli) values
    (1, 'Rodriguez', 'Fatima', '1234', '188 chemin de la Forêt', '45000', 'Orléans'),
    (2, 'Garcia', 'Hugo', '1234', '167 avenue de la Forêt', '06000', 'Nice'),
    (3, 'Martin', 'Julie', '1234', '133 boulevard de l''Université', '45000', 'Orléans'),
    (4, 'Dubois', 'Lucas', '1234', '45 place de la Paix', '34000', 'Montpellier'),
    (5, 'Ferrari', 'Omar', '1234', '32 impasse de l''Université', '35000', 'Rennes'),
    (6, 'Petit', 'Louis', '1234', '98 route du Musée', '67000', 'Strasbourg'),
    (7, 'David', 'Camille', '1234', '140 impasse de la Paix', '44000', 'Nantes'),
    (8, 'Rossi', 'Mariana', '1234', '140 rue de l''Université', '38000', 'Grenoble'),
    (9, 'Bouzid', 'Raul', '1234', '23 chemin de la Forêt', '38000', 'Grenoble'),
    (10, 'Dubois', 'Sophie', '1234', '77 impasse du Musée', '37000', 'Tours'),
    (11, 'Fournier', 'Emma', '1234', '157 route de la Paix', '59000', 'Lille'),
    (12, 'Lopez', 'Mehdi', '1234', '22 quai du Musée', '44000', 'Nantes'),
    (13, 'Bernard', 'Jean', '1234', '15 boulevard de la Forêt', '33000', 'Bordeaux'),
    (14, 'Robert', 'Manon', '1234', '41 route du Musée', '37000', 'Tours'),
    (15, 'Simon', 'Nathan', '1234', '45 place du Musée', '67000', 'Strasbourg'),
    (16, 'Laurent', 'Louis', '1234', '124 route de la Victoire', '33000', 'Bordeaux'),
    (17, 'Abdelkader', 'Leonor', '1234', '90 passage de la Paix', '34000', 'Montpellier'),
    (18, 'Abdelkader', 'Luca', '1234', '126 impasse de la Paix', '45000', 'Orléans'),
    (19, 'Leroy', 'Antoine', '1234', '85 chemin de la Paix', '75001', 'Paris'),
    (20, 'Garcia', 'Marie', '1234', '179 quai de l''Université', '69001', 'Lyon'),
    (21, 'Bianchi', 'Mehdi', '1234', '82 place du Musée', '34000', 'Montpellier'),
    (22, 'Dubois', 'Chloé', '1234', '17 place du Musée', '75001', 'Paris'),
    (23, 'Martin', 'Louis', '1234', '124 impasse du Musée', '37000', 'Tours'),
    (24, 'Vincent', 'Elodie', '1234', '53 impasse de l''Université', '75001', 'Paris'),
    (25, 'Rodriguez', 'Tiago', '1234', '127 quai de la Colline', '38000', 'Grenoble'),
    (26, 'Dubois', 'Manon', '1234', '49 boulevard du Musée', '37000', 'Tours'),
    (27, 'Vincent', 'Marie', '1234', '47 boulevard de l''Université', '38000', 'Grenoble'),
    (28, 'Rodriguez', 'Giovanni', '1234', '116 boulevard de la Colline', '45000', 'Orléans'),
    (29, 'Romano', 'Javier', '1234', '40 route de la Colline', '69001', 'Lyon'),
    (30, 'Thomas', 'Mathieu', '1234', '49 allée de l''Université', '67000', 'Strasbourg'),
    (31, 'Moreau', 'Hugo', '1234', '76 route de la Forêt', '06000', 'Nice'),
    (32, 'Mokhtar', 'Rania', '1234', '40 place du Musée', '38000', 'Grenoble'),
    (33, 'Richard', 'Nathan', '1234', '81 passage de la Colline', '06000', 'Nice'),
    (34, 'Dubois', 'Pierre', '1234', '65 impasse du Musée', '33000', 'Bordeaux'),
    (35, 'Lefebvre', 'Chloé', '1234', '32 impasse du Musée', '51100', 'Reims'),
    (36, 'Santos', 'Omar', '1234', '68 boulevard du Musée', '51100', 'Reims'),
    (37, 'Dubois', 'Antoine', '1234', '137 allée de la Paix', '38000', 'Grenoble'),
    (38, 'Haddad', 'Luca', '1234', '158 chemin de l''Université', '69001', 'Lyon'),
    (39, 'Roux', 'Paul', '1234', '1 quai de l''Université', '38000', 'Grenoble'),
    (40, 'Dubois', 'Louis', '1234', '48 route de l''Université', '75001', 'Paris'),
    (41, 'Moreau', 'Julie', '1234', '150 route de la Paix', '34000', 'Montpellier'),
    (42, 'Costa', 'Alessandro', '1234', '198 passage de la Paix', '13001', 'Marseille'),
    (43, 'Petit', 'Pierre', '1234', '34 quai du Musée', '31000', 'Toulouse'),
    (44, 'Leroy', 'Camille', '1234', '49 quai de la Paix', '45000', 'Orléans'),
    (45, 'Fournier', 'Emma', '1234', '176 chemin du Musée', '13001', 'Marseille'),
    (46, 'Roux', 'Sophie', '1234', '92 avenue du Musée', '33000', 'Bordeaux'),
    (47, 'Robert', 'Nathan', '1234', '53 chemin de la Paix', '31000', 'Toulouse'),
    (48, 'Simon', 'Antoine', '1234', '164 impasse de la Forêt', '31000', 'Toulouse'),
    (49, 'Haddad', 'Raul', '1234', '186 allée de la Forêt', '13001', 'Marseille'),
    (50, 'Lefebvre', 'Laura', '1234', '10 chemin de la Paix', '34000', 'Montpellier'),
    (51, 'Thomas', 'Nicolas', '1234', '130 rue de l''Université', '31000', 'Toulouse'),
    (52, 'Bernard', 'Paul', '1234', '163 avenue du Musée', '33000', 'Bordeaux'),
    (53, 'Richard', 'Julie', '1234', '182 passage de la Colline', '67000', 'Strasbourg'),
    (54, 'Abdelkader', 'Alessandro', '1234', '37 passage de la Forêt', '35000', 'Rennes'),
    (55, 'David', 'Antoine', '1234', '47 impasse du Musée', '45000', 'Orléans'),
    (56, 'Fernandez', 'Carlos', '1234', '37 passage de la Colline', '67000', 'Strasbourg'),
    (57, 'Dubois', 'Camille', '1234', '145 place du Musée', '59000', 'Lille'),
    (58, 'Pereira', 'Rania', '1234', '70 passage du Musée', '51100', 'Reims'),
    (59, 'Martin', 'Mathieu', '1234', '73 impasse de l''Université', '37000', 'Tours'),
    (60, 'Rodriguez', 'Leonor', '1234', '33 place de la Paix', '38000', 'Grenoble'),
    (61, 'Laurent', 'Laura', '1234', '84 rue de la Colline', '69001', 'Lyon'),
    (62, 'Leroy', 'Marie', '1234', '81 rue de la Paix', '75001', 'Paris'),
    (63, 'Petit', 'Jean', '1234', '150 route de la Forêt', '34000', 'Montpellier'),
    (64, 'Silva', 'Francesca', '1234', '65 quai de la Paix', '44000', 'Nantes'),
    (65, 'Fournier', 'Nathan', '1234', '140 passage de la Paix', '44000', 'Nantes'),
    (66, 'Pereira', 'Leonor', '1234', '53 allée de la Forêt', '06000', 'Nice'),
    (67, 'Martin', 'Laura', '1234', '107 chemin du Musée', '06000', 'Nice'),
    (68, 'Haddad', 'Sergio', '1234', '48 place de la Colline', '69001', 'Lyon'),
    (69, 'Costa', 'Javier', '1234', '149 place de la Paix', '38000', 'Grenoble'),
    (70, 'Dubois', 'Emma', '1234', '68 quai du Musée', '45000', 'Orléans'),
    (71, 'Roux', 'Emma', '1234', '39 place du Musée', '38000', 'Grenoble'),
    (72, 'Durand', 'Chloé', '1234', '44 allée de la Colline', '45000', 'Orléans'),
    (73, 'Petit', 'Nathan', '1234', '176 passage de la Forêt', '75001', 'Paris'),
    (74, 'Roux', 'Emma', '1234', '37 boulevard du Musée', '34000', 'Montpellier'),
    (75, 'Durand', 'Laura', '1234', '92 route de la Forêt', '37000', 'Tours'),
    (76, 'Durand', 'Mathieu', '1234', '19 allée du Musée', '38000', 'Grenoble'),
    (77, 'Leroy', 'Nicolas', '1234', '70 passage de la Colline', '37000', 'Tours'),
    (78, 'Bernard', 'Hugo', '1234', '52 allée de l''Université', '34000', 'Montpellier'),
    (79, 'Abdelkader', 'Francesca', '1234', '103 passage de l''Université', '35000', 'Rennes'),
    (80, 'Dubois', 'Nicolas', '1234', '102 chemin du Musée', '13001', 'Marseille'),
    (81, 'Michel', 'Paul', '1234', '9 boulevard de l''Université', '59000', 'Lille'),
    (82, 'Ben Ali', 'Omar', '1234', '133 impasse de l''Université', '45000', 'Orléans'),
    (83, 'Bianchi', 'André', '1234', '50 quai de la Paix', '69001', 'Lyon'),
    (84, 'Simon', 'Lucas', '1234', '15 allée de la Forêt', '33000', 'Bordeaux'),
    (85, 'Lopez', 'Fatima', '1234', '111 rue de la Colline', '44000', 'Nantes'),
    (86, 'Michel', 'Manon', '1234', '192 chemin de l''Université', '06000', 'Nice'),
    (87, 'Bernard', 'Camille', '1234', '148 quai de l''Université', '31000', 'Toulouse'),
    (88, 'Bertrand', 'Camille', '1234', '177 avenue de l''Université', '69001', 'Lyon'),
    (89, 'Leroy', 'Louis', '1234', '12 quai du Musée', '33000', 'Bordeaux'),
    (90, 'Ferrari', 'Francesca', '1234', '185 quai de la Colline', '34000', 'Montpellier'),
    (91, 'David', 'Marie', '1234', '132 chemin de la Forêt', '75001', 'Paris'),
    (92, 'Haddad', 'Mehdi', '1234', '70 chemin de la Colline', '06000', 'Nice'),
    (93, 'Ben Ali', 'Alessandro', '1234', '54 place du Musée', '69001', 'Lyon'),
    (94, 'Costa', 'Javier', '1234', '123 rue de la Colline', '31000', 'Toulouse'),
    (95, 'Laurent', 'Nathan', '1234', '173 passage de la Colline', '06000', 'Nice'),
    (96, 'Dubois', 'Mathieu', '1234', '120 boulevard du Musée', '33000', 'Bordeaux'),
    (97, 'Garcia', 'Louis', '1234', '21 avenue de l''Université', '31000', 'Toulouse'),
    (98, 'Lefebvre', 'Louis', '1234', '72 rue de la Colline', '33000', 'Bordeaux'),
    (99, 'Leroy', 'Paul', '1234', '104 impasse de l''Université', '75001', 'Paris'),
    (100, 'Ben Ali', 'Francesca', '1234', '115 allée du Musée', '51100', 'Reims'),
    (101, 'Thomas', 'Nicolas', '1234', '17 quai de la Colline', '31000', 'Toulouse'),
    (102, 'Durand', 'Louis', '1234', '196 quai de la Colline', '06000', 'Nice'),
    (103, 'Abdelkader', 'Youssef', '1234', '147 route de la Paix', '06000', 'Nice'),
    (104, 'Martin', 'Emma', '1234', '21 route de l''Université', '67000', 'Strasbourg'),
    (105, 'Garcia', 'Elodie', '1234', '88 quai de la Forêt', '13001', 'Marseille'),
    (106, 'Bernard', 'Chloé', '1234', '200 passage de la Colline', '38000', 'Grenoble'),
    (107, 'Bernard', 'Lucas', '1234', '192 chemin de la Colline', '75001', 'Paris'),
    (108, 'Durand', 'Lucie', '1234', '66 place de la Colline', '75001', 'Paris'),
    (109, 'Vincent', 'Mathieu', '1234', '189 quai de la Paix', '59000', 'Lille'),
    (110, 'Bernard', 'Antoine', '1234', '66 route de la Forêt', '13001', 'Marseille'),
    (111, 'Laurent', 'Camille', '1234', '47 rue de la Forêt', '44000', 'Nantes'),
    (112, 'Laurent', 'Sophie', '1234', '196 place de la Colline', '37000', 'Tours'),
    (113, 'Michel', 'Elodie', '1234', '111 quai de la Colline', '69001', 'Lyon'),
    (114, 'Laurent', 'Paul', '1234', '132 rue de l''Université', '44000', 'Nantes'),
    (115, 'Gonzalez', 'Mariana', '1234', '181 passage de la Paix', '33000', 'Bordeaux'),
    (116, 'Vincent', 'Emma', '1234', '176 rue du Musée', '13001', 'Marseille'),
    (117, 'David', 'Jean', '1234', '143 route du Musée', '34000', 'Montpellier'),
    (118, 'Pereira', 'Carlos', '1234', '143 avenue de la Paix', '33000', 'Bordeaux'),
    (119, 'Robert', 'Marie', '1234', '111 place de l''Université', '06000', 'Nice'),
    (120, 'Durand', 'Camille', '1234', '18 allée de la Forêt', '35000', 'Rennes'),
    (121, 'Martin', 'Nicolas', '1234', '99 boulevard de l''Université', '75001', 'Paris'),
    (122, 'Lefebvre', 'Marie', '1234', '144 chemin de la Colline', '69001', 'Lyon'),
    (123, 'Martin', 'Emma', '1234', '190 place de l''Université', '33000', 'Bordeaux'),
    (124, 'Martin', 'Jean', '1234', '34 rue de l''Université', '35000', 'Rennes'),
    (125, 'Lefebvre', 'Lucas', '1234', '63 boulevard de la Colline', '06000', 'Nice'),
    (126, 'Michel', 'Elodie', '1234', '157 chemin de l''Université', '37000', 'Tours'),
    (127, 'Martin', 'Camille', '1234', '162 boulevard de la Forêt', '33000', 'Bordeaux'),
    (128, 'David', 'Hugo', '1234', '113 quai du Musée', '44000', 'Nantes'),
    (129, 'Garcia', 'Louis', '1234', '150 passage de la Forêt', '37000', 'Tours'),
    (130, 'Bernard', 'Chloé', '1234', '43 chemin du Musée', '13001', 'Marseille'),
    (131, 'Vincent', 'Chloé', '1234', '72 impasse de la Paix', '69001', 'Lyon'),
    (132, 'Roux', 'Laura', '1234', '190 chemin de la Forêt', '67000', 'Strasbourg'),
    (133, 'Roux', 'Paul', '1234', '63 avenue de l''Université', '38000', 'Grenoble'),
    (134, 'Bernard', 'Mathieu', '1234', '166 passage de l''Université', '31000', 'Toulouse'),
    (135, 'Michel', 'Lucas', '1234', '70 quai de la Paix', '37000', 'Tours'),
    (136, 'Richard', 'Lucie', '1234', '90 allée de la Paix', '37000', 'Tours'),
    (137, 'Vincent', 'Marie', '1234', '57 chemin de la Forêt', '31000', 'Toulouse'),
    (138, 'Petit', 'Camille', '1234', '164 impasse du Musée', '31000', 'Toulouse'),
    (139, 'Richard', 'Paul', '1234', '147 route de la Paix', '34000', 'Montpellier'),
    (140, 'Martin', 'Louis', '1234', '68 avenue du Musée', '31000', 'Toulouse'),
    (141, 'Silva', 'Luca', '1234', '58 avenue de l''Université', '51100', 'Reims'),
    (142, 'Lopez', 'Omar', '1234', '58 impasse de la Colline', '69001', 'Lyon'),
    (143, 'Pereira', 'Francesca', '1234', '31 boulevard de la Colline', '67000', 'Strasbourg'),
    (144, 'Michel', 'Pierre', '1234', '114 place de la Forêt', '06000', 'Nice'),
    (145, 'Fournier', 'Lucie', '1234', '84 passage de l''Université', '59000', 'Lille'),
    (146, 'Bianchi', 'Giovanni', '1234', '34 route du Musée', '38000', 'Grenoble'),
    (147, 'Garcia', 'Emma', '1234', '17 chemin de la Paix', '13001', 'Marseille'),
    (148, 'Silva', 'Isabel', '1234', '46 place de la Forêt', '31000', 'Toulouse'),
    (149, 'David', 'Sophie', '1234', '30 impasse du Musée', '45000', 'Orléans'),
    (150, 'Roux', 'Julie', '1234', '2 boulevard de l''Université', '38000', 'Grenoble'),
    (151, 'Bertrand', 'Paul', '1234', '180 place de la Paix', '51100', 'Reims'),
    (152, 'Martin', 'Lucie', '1234', '8 route de la Paix', '31000', 'Toulouse'),
    (153, 'Martin', 'Marie', '1234', '61 passage de la Paix', '45000', 'Orléans'),
    (154, 'Petit', 'Emma', '1234', '11 avenue de l''Université', '06000', 'Nice'),
    (155, 'Petit', 'Pierre', '1234', '72 quai de la Forêt', '59000', 'Lille'),
    (156, 'Vincent', 'Lucie', '1234', '2 avenue de la Forêt', '44000', 'Nantes'),
    (157, 'Pereira', 'Isabel', '1234', '75 place de la Paix', '33000', 'Bordeaux'),
    (158, 'Costa', 'Javier', '1234', '35 avenue de l''Université', '44000', 'Nantes'),
    (159, 'Durand', 'Louis', '1234', '107 passage de la Paix', '37000', 'Tours'),
    (160, 'Durand', 'Paul', '1234', '66 impasse de l''Université', '35000', 'Rennes'),
    (161, 'Esposito', 'Paolo', '1234', '75 allée de la Forêt', '35000', 'Rennes'),
    (162, 'Richard', 'Nathan', '1234', '100 quai de la Colline', '45000', 'Orléans'),
    (163, 'Bouzid', 'Fatima', '1234', '185 boulevard de l''Université', '34000', 'Montpellier'),
    (164, 'Bertrand', 'Emma', '1234', '174 route de la Forêt', '33000', 'Bordeaux'),
    (165, 'Bernard', 'Chloé', '1234', '164 place de la Colline', '34000', 'Montpellier'),
    (166, 'David', 'Louis', '1234', '22 avenue de l''Université', '34000', 'Montpellier'),
    (167, 'Robert', 'Mathieu', '1234', '47 allée de la Paix', '45000', 'Orléans'),
    (168, 'Garcia', 'Nathan', '1234', '27 chemin du Musée', '67000', 'Strasbourg'),
    (169, 'Martinez', 'Fatima', '1234', '147 allée du Musée', '44000', 'Nantes'),
    (170, 'Vincent', 'Manon', '1234', '5 route de la Forêt', '06000', 'Nice'),
    (171, 'Bertrand', 'Camille', '1234', '96 impasse de l''Université', '35000', 'Rennes'),
    (172, 'Dubois', 'Louis', '1234', '49 quai du Musée', '69001', 'Lyon'),
    (173, 'Ferrari', 'André', '1234', '178 impasse de la Forêt', '51100', 'Reims'),
    (174, 'Ferrari', 'André', '1234', '149 rue de l''Université', '37000', 'Tours'),
    (175, 'Dubois', 'Jean', '1234', '70 avenue du Musée', '44000', 'Nantes'),
    (176, 'Dubois', 'Antoine', '1234', '96 chemin de la Paix', '75001', 'Paris'),
    (177, 'David', 'Laura', '1234', '69 rue de la Forêt', '75001', 'Paris'),
    (178, 'Leroy', 'Nathan', '1234', '103 place de la Colline', '13001', 'Marseille'),
    (179, 'Richard', 'Louis', '1234', '152 impasse de l''Université', '44000', 'Nantes'),
    (180, 'Silva', 'Mariana', '1234', '186 chemin de la Paix', '44000', 'Nantes'),
    (181, 'Rodriguez', 'Isabel', '1234', '41 quai de la Paix', '31000', 'Toulouse'),
    (182, 'Lefebvre', 'Jean', '1234', '103 chemin de la Forêt', '38000', 'Grenoble'),
    (183, 'Thomas', 'Nicolas', '1234', '134 place du Musée', '06000', 'Nice'),
    (184, 'Robert', 'Nicolas', '1234', '160 passage de la Forêt', '44000', 'Nantes'),
    (185, 'Silva', 'Luca', '1234', '72 boulevard de la Forêt', '35000', 'Rennes'),
    (186, 'Gonzalez', 'Francesca', '1234', '58 allée du Musée', '45000', 'Orléans'),
    (187, 'Bertrand', 'Nathan', '1234', '133 quai du Musée', '33000', 'Bordeaux'),
    (188, 'Dubois', 'Marie', '1234', '67 avenue de la Colline', '35000', 'Rennes'),
    (189, 'Dubois', 'Mathieu', '1234', '171 avenue de l''Université', '13001', 'Marseille'),
    (190, 'Vincent', 'Laura', '1234', '36 boulevard de l''Université', '33000', 'Bordeaux'),
    (191, 'Gonzalez', 'Youssef', '1234', '112 boulevard de l''Université', '45000', 'Orléans'),
    (192, 'Fournier', 'Marie', '1234', '12 rue de la Colline', '67000', 'Strasbourg'),
    (193, 'Lefebvre', 'Pierre', '1234', '163 avenue de la Colline', '33000', 'Bordeaux'),
    (194, 'Richard', 'Pierre', '1234', '166 allée de la Paix', '38000', 'Grenoble'),
    (195, 'Richard', 'Nicolas', '1234', '108 rue de la Forêt', '35000', 'Rennes'),
    (196, 'Richard', 'Nathan', '1234', '173 allée de la Colline', '44000', 'Nantes'),
    (197, 'Bernard', 'Nathan', '1234', '152 avenue de la Paix', '06000', 'Nice'),
    (198, 'Bernard', 'Pierre', '1234', '159 impasse de la Paix', '37000', 'Tours'),
    (199, 'Michel', 'Camille', '1234', '191 rue de la Colline', '38000', 'Grenoble'),
    (200, 'Bernard', 'Sophie', '1234', '156 place de la Paix', '69001', 'Lyon'),
    (201, 'Abdelkader', 'Francesca', '1234', '69 rue de l''Université', '33000', 'Bordeaux'),
    (202, 'Vincent', 'Antoine', '1234', '42 impasse du Musée', '35000', 'Rennes'),
    (203, 'Pereira', 'Isabel', '1234', '185 place du Musée', '45000', 'Orléans'),
    (204, 'Laurent', 'Emma', '1234', '66 quai de la Forêt', '75001', 'Paris'),
    (205, 'Richard', 'Mathieu', '1234', '123 route de la Paix', '13001', 'Marseille'),
    (206, 'Moreau', 'Hugo', '1234', '129 route de l''Université', '37000', 'Tours'),
    (207, 'Lopez', 'Mariana', '1234', '162 place du Musée', '34000', 'Montpellier'),
    (208, 'Lefebvre', 'Louis', '1234', '102 quai du Musée', '06000', 'Nice'),
    (209, 'Petit', 'Sophie', '1234', '143 boulevard de la Paix', '13001', 'Marseille'),
    (210, 'Durand', 'Mathieu', '1234', '135 route du Musée', '35000', 'Rennes'),
    (211, 'Petit', 'Paul', '1234', '67 impasse de la Paix', '34000', 'Montpellier'),
    (212, 'Carvalho', 'Giovanni', '1234', '186 avenue de la Paix', '69001', 'Lyon'),
    (213, 'Carvalho', 'Giovanni', '1234', '149 avenue du Musée', '69001', 'Lyon'),
    (214, 'Leroy', 'Jean', '1234', '166 quai de la Colline', '38000', 'Grenoble'),
    (215, 'Martinez', 'Leonor', '1234', '176 passage du Musée', '59000', 'Lille'),
    (216, 'Bertrand', 'Emma', '1234', '82 place de la Paix', '67000', 'Strasbourg'),
    (217, 'Thomas', 'Chloé', '1234', '165 passage de la Forêt', '75001', 'Paris'),
    (218, 'Lopez', 'Javier', '1234', '13 route de la Colline', '75001', 'Paris'),
    (219, 'Laurent', 'Emma', '1234', '124 passage de la Paix', '33000', 'Bordeaux'),
    (220, 'Robert', 'Mathieu', '1234', '149 place de la Paix', '51100', 'Reims'),
    (221, 'Haddad', 'Mariana', '1234', '140 passage du Musée', '31000', 'Toulouse'),
    (222, 'Petit', 'Laura', '1234', '115 chemin de l''Université', '13001', 'Marseille'),
    (223, 'Richard', 'Julie', '1234', '58 avenue du Musée', '44000', 'Nantes'),
    (224, 'Garcia', 'Hugo', '1234', '138 route de l''Université', '69001', 'Lyon'),
    (225, 'Carvalho', 'Leonor', '1234', '180 impasse du Musée', '31000', 'Toulouse'),
    (226, 'Martin', 'Hugo', '1234', '154 avenue de la Paix', '59000', 'Lille'),
    (227, 'Vincent', 'Lucas', '1234', '80 place de la Paix', '35000', 'Rennes'),
    (228, 'Martinez', 'Youssef', '1234', '124 allée de la Colline', '45000', 'Orléans'),
    (229, 'Thomas', 'Emma', '1234', '65 quai de la Paix', '38000', 'Grenoble'),
    (230, 'Durand', 'Marie', '1234', '170 avenue de la Forêt', '06000', 'Nice'),
    (231, 'David', 'Louis', '1234', '10 passage de la Colline', '34000', 'Montpellier'),
    (232, 'Laurent', 'Laura', '1234', '116 quai de l''Université', '51100', 'Reims'),
    (233, 'Bertrand', 'Emma', '1234', '52 chemin de la Forêt', '75001', 'Paris'),
    (234, 'Laurent', 'Laura', '1234', '169 impasse de la Paix', '33000', 'Bordeaux'),
    (235, 'Lefebvre', 'Paul', '1234', '28 avenue de la Paix', '06000', 'Nice'),
    (236, 'Esposito', 'Isabel', '1234', '47 boulevard de la Paix', '51100', 'Reims'),
    (237, 'Bouzid', 'Youssef', '1234', '34 chemin du Musée', '06000', 'Nice'),
    (238, 'Dubois', 'Sophie', '1234', '51 passage du Musée', '67000', 'Strasbourg'),
    (239, 'Michel', 'Emma', '1234', '126 avenue de la Forêt', '44000', 'Nantes'),
    (240, 'Pereira', 'Isabel', '1234', '58 rue de la Paix', '06000', 'Nice'),
    (241, 'Bouzid', 'Javier', '1234', '109 avenue de l''Université', '33000', 'Bordeaux'),
    (242, 'Moreau', 'Laura', '1234', '191 chemin du Musée', '45000', 'Orléans'),
    (243, 'Robert', 'Nathan', '1234', '91 passage de la Forêt', '33000', 'Bordeaux'),
    (244, 'Dubois', 'Nicolas', '1234', '162 rue de la Forêt', '75001', 'Paris'),
    (245, 'Pereira', 'Giovanni', '1234', '197 place du Musée', '75001', 'Paris'),
    (246, 'Petit', 'Pierre', '1234', '152 passage de la Colline', '38000', 'Grenoble'),
    (247, 'Bertrand', 'Nathan', '1234', '31 avenue de la Paix', '59000', 'Lille'),
    (248, 'Rodriguez', 'Luca', '1234', '80 rue du Musée', '35000', 'Rennes'),
    (249, 'Fournier', 'Manon', '1234', '24 rue de la Colline', '59000', 'Lille'),
    (250, 'Laurent', 'Antoine', '1234', '105 avenue du Musée', '45000', 'Orléans'),
    (251, 'Costa', 'Francesca', '1234', '154 avenue de la Colline', '59000', 'Lille'),
    (252, 'Garcia', 'Louis', '1234', '52 place de l''Université', '31000', 'Toulouse'),
    (253, 'Costa', 'Mehdi', '1234', '36 route du Musée', '69001', 'Lyon'),
    (254, 'Thomas', 'Lucie', '1234', '183 quai de la Paix', '35000', 'Rennes'),
    (255, 'Michel', 'Lucas', '1234', '191 place de l''Université', '38000', 'Grenoble'),
    (256, 'Michel', 'Antoine', '1234', '80 passage de la Colline', '06000', 'Nice'),
    (257, 'Michel', 'Paul', '1234', '122 route de la Colline', '45000', 'Orléans'),
    (258, 'Bertrand', 'Julie', '1234', '100 boulevard de la Paix', '37000', 'Tours'),
    (259, 'Pereira', 'Sergio', '1234', '96 boulevard du Musée', '69001', 'Lyon'),
    (260, 'Moreau', 'Jean', '1234', '123 rue de la Forêt', '59000', 'Lille'),
    (261, 'David', 'Jean', '1234', '94 avenue de la Paix', '51100', 'Reims'),
    (262, 'Laurent', 'Laura', '1234', '54 impasse du Musée', '33000', 'Bordeaux'),
    (263, 'Michel', 'Manon', '1234', '128 rue de la Paix', '67000', 'Strasbourg'),
    (264, 'Laurent', 'Sophie', '1234', '69 route de l''Université', '35000', 'Rennes'),
    (265, 'Martin', 'Julie', '1234', '90 quai du Musée', '35000', 'Rennes'),
    (266, 'Vincent', 'Emma', '1234', '162 place de l''Université', '59000', 'Lille'),
    (267, 'Michel', 'Jean', '1234', '103 allée de la Colline', '33000', 'Bordeaux'),
    (268, 'Carvalho', 'Sergio', '1234', '178 place de la Forêt', '33000', 'Bordeaux'),
    (269, 'Thomas', 'Hugo', '1234', '58 avenue de la Paix', '35000', 'Rennes'),
    (270, 'Lefebvre', 'Manon', '1234', '131 place de la Paix', '51100', 'Reims'),
    (271, 'Bertrand', 'Manon', '1234', '83 place de la Forêt', '59000', 'Lille'),
    (272, 'Mokhtar', 'Isabel', '1234', '162 passage de la Forêt', '59000', 'Lille'),
    (273, 'Carvalho', 'Mariana', '1234', '4 impasse de la Paix', '33000', 'Bordeaux'),
    (274, 'Garcia', 'Pierre', '1234', '6 impasse de la Paix', '38000', 'Grenoble'),
    (275, 'Fournier', 'Lucie', '1234', '139 place de la Colline', '44000', 'Nantes'),
    (276, 'Vincent', 'Nathan', '1234', '174 chemin de la Colline', '34000', 'Montpellier'),
    (277, 'Pereira', 'Tiago', '1234', '40 boulevard de l''Université', '45000', 'Orléans'),
    (278, 'Moreau', 'Manon', '1234', '42 impasse de la Colline', '38000', 'Grenoble'),
    (279, 'Bouzid', 'Mariana', '1234', '92 allée de la Colline', '51100', 'Reims'),
    (280, 'Carvalho', 'Carlos', '1234', '96 boulevard de la Colline', '06000', 'Nice'),
    (281, 'Simon', 'Manon', '1234', '133 impasse de l''Université', '37000', 'Tours'),
    (282, 'Garcia', 'Louis', '1234', '90 allée de la Forêt', '13001', 'Marseille'),
    (283, 'Abdelkader', 'Javier', '1234', '77 allée de la Forêt', '33000', 'Bordeaux'),
    (284, 'Petit', 'Paul', '1234', '47 chemin de la Paix', '67000', 'Strasbourg'),
    (285, 'Martin', 'Mathieu', '1234', '40 allée de la Forêt', '37000', 'Tours'),
    (286, 'Petit', 'Hugo', '1234', '34 route de la Forêt', '31000', 'Toulouse'),
    (287, 'Rodriguez', 'André', '1234', '182 avenue de l''Université', '69001', 'Lyon'),
    (288, 'Leroy', 'Elodie', '1234', '142 chemin de la Forêt', '06000', 'Nice'),
    (289, 'Robert', 'Manon', '1234', '75 impasse de l''Université', '45000', 'Orléans'),
    (290, 'Robert', 'Emma', '1234', '173 allée de la Forêt', '34000', 'Montpellier'),
    (291, 'Bertrand', 'Emma', '1234', '12 route de la Colline', '69001', 'Lyon'),
    (292, 'Bouzid', 'Fatima', '1234', '150 passage de la Forêt', '69001', 'Lyon'),
    (293, 'Bernard', 'Jean', '1234', '70 boulevard de l''Université', '44000', 'Nantes'),
    (294, 'Moreau', 'Marie', '1234', '123 passage du Musée', '06000', 'Nice'),
    (295, 'Dubois', 'Julie', '1234', '99 route de l''Université', '69001', 'Lyon'),
    (296, 'Vincent', 'Lucas', '1234', '39 place de la Forêt', '69001', 'Lyon'),
    (297, 'Lopez', 'Mariana', '1234', '106 route de l''Université', '69001', 'Lyon'),
    (298, 'Dubois', 'Nathan', '1234', '149 allée de la Paix', '44000', 'Nantes'),
    (299, 'Romano', 'Paolo', '1234', '15 chemin de l''Université', '45000', 'Orléans'),
    (300, 'Martin', 'Louis', '1234', '195 rue de la Colline', '31000', 'Toulouse'),
    (301, 'David', 'Chloé', '1234', '18 allée de l''Université', '59000', 'Lille'),
    (302, 'Robert', 'Marie', '1234', '78 boulevard de la Forêt', '38000', 'Grenoble'),
    (303, 'Bianchi', 'Paolo', '1234', '92 impasse de la Colline', '67000', 'Strasbourg'),
    (304, 'Martin', 'Marie', '1234', '41 passage de la Colline', '67000', 'Strasbourg'),
    (305, 'Lopez', 'Paolo', '1234', '162 impasse de la Colline', '69001', 'Lyon'),
    (306, 'Gonzalez', 'André', '1234', '173 rue de la Paix', '31000', 'Toulouse'),
    (307, 'Bouzid', 'Paolo', '1234', '113 rue du Musée', '45000', 'Orléans'),
    (308, 'Lopez', 'Omar', '1234', '146 route de la Colline', '34000', 'Montpellier'),
    (309, 'Leroy', 'Marie', '1234', '124 chemin du Musée', '45000', 'Orléans'),
    (310, 'Martinez', 'João', '1234', '6 passage de l''Université', '51100', 'Reims'),
    (311, 'Rodriguez', 'Tiago', '1234', '94 avenue de la Forêt', '69001', 'Lyon'),
    (312, 'Thomas', 'Elodie', '1234', '28 place de la Forêt', '31000', 'Toulouse'),
    (313, 'Lefebvre', 'Louis', '1234', '113 allée de la Paix', '31000', 'Toulouse'),
    (314, 'Dubois', 'Pierre', '1234', '194 allée de la Forêt', '37000', 'Tours'),
    (315, 'Ben Ali', 'Omar', '1234', '21 route de la Forêt', '38000', 'Grenoble'),
    (316, 'Lopez', 'Luca', '1234', '55 passage de la Paix', '38000', 'Grenoble'),
    (317, 'Laurent', 'Sophie', '1234', '106 route de la Paix', '06000', 'Nice'),
    (318, 'Esposito', 'Youssef', '1234', '57 allée de la Forêt', '34000', 'Montpellier'),
    (319, 'Garcia', 'Julie', '1234', '123 passage de l''Université', '69001', 'Lyon'),
    (320, 'Rossi', 'Mariana', '1234', '16 place du Musée', '59000', 'Lille'),
    (321, 'Lefebvre', 'Elodie', '1234', '79 avenue de l''Université', '06000', 'Nice'),
    (322, 'Richard', 'Sophie', '1234', '11 allée de l''Université', '35000', 'Rennes'),
    (323, 'Costa', 'João', '1234', '197 avenue de la Forêt', '59000', 'Lille'),
    (324, 'Petit', 'Sophie', '1234', '15 avenue de la Paix', '34000', 'Montpellier'),
    (325, 'Ferrari', 'Rania', '1234', '25 quai de la Paix', '44000', 'Nantes'),
    (326, 'Roux', 'Louis', '1234', '142 allée de la Colline', '13001', 'Marseille'),
    (327, 'Laurent', 'Chloé', '1234', '18 avenue de la Paix', '44000', 'Nantes'),
    (328, 'Richard', 'Antoine', '1234', '151 chemin de l''Université', '13001', 'Marseille'),
    (329, 'Bertrand', 'Nicolas', '1234', '78 place de l''Université', '13001', 'Marseille'),
    (330, 'Bianchi', 'Isabel', '1234', '62 passage de la Forêt', '45000', 'Orléans'),
    (331, 'Garcia', 'Camille', '1234', '120 passage de la Forêt', '06000', 'Nice'),
    (332, 'David', 'Marie', '1234', '38 boulevard de la Forêt', '51100', 'Reims'),
    (333, 'Fernandez', 'Alessandro', '1234', '199 chemin de l''Université', '44000', 'Nantes'),
    (334, 'Martin', 'Laura', '1234', '112 boulevard de l''Université', '67000', 'Strasbourg'),
    (335, 'Gonzalez', 'Luca', '1234', '194 place de la Forêt', '44000', 'Nantes'),
    (336, 'David', 'Chloé', '1234', '143 allée de la Forêt', '35000', 'Rennes'),
    (337, 'Santos', 'Luca', '1234', '128 avenue du Musée', '67000', 'Strasbourg'),
    (338, 'David', 'Jean', '1234', '170 chemin du Musée', '34000', 'Montpellier'),
    (339, 'Martin', 'Mathieu', '1234', '171 impasse du Musée', '34000', 'Montpellier'),
    (340, 'Roux', 'Lucas', '1234', '99 allée de la Colline', '35000', 'Rennes'),
    (341, 'Durand', 'Jean', '1234', '7 passage de l''Université', '34000', 'Montpellier'),
    (342, 'Ferrari', 'Sergio', '1234', '171 rue de la Forêt', '38000', 'Grenoble'),
    (343, 'Martin', 'Camille', '1234', '73 chemin de l''Université', '37000', 'Tours'),
    (344, 'Laurent', 'Antoine', '1234', '31 route de la Forêt', '33000', 'Bordeaux'),
    (345, 'Ferrari', 'André', '1234', '95 place de la Forêt', '59000', 'Lille'),
    (346, 'Thomas', 'Paul', '1234', '51 avenue de la Colline', '67000', 'Strasbourg'),
    (347, 'Laurent', 'Louis', '1234', '105 route du Musée', '69001', 'Lyon'),
    (348, 'Laurent', 'Antoine', '1234', '178 chemin de l''Université', '31000', 'Toulouse'),
    (349, 'Dubois', 'Emma', '1234', '130 chemin du Musée', '44000', 'Nantes'),
    (350, 'Bernard', 'Paul', '1234', '155 place du Musée', '75001', 'Paris'),
    (351, 'Bianchi', 'Tiago', '1234', '142 rue du Musée', '33000', 'Bordeaux'),
    (352, 'Moreau', 'Emma', '1234', '14 rue de la Colline', '67000', 'Strasbourg'),
    (353, 'Thomas', 'Louis', '1234', '51 place de la Forêt', '38000', 'Grenoble'),
    (354, 'Laurent', 'Hugo', '1234', '79 passage de l''Université', '06000', 'Nice'),
    (355, 'Dubois', 'Emma', '1234', '88 allée de la Colline', '37000', 'Tours'),
    (356, 'Costa', 'Tiago', '1234', '33 impasse de la Colline', '44000', 'Nantes'),
    (357, 'David', 'Sophie', '1234', '88 allée de la Paix', '51100', 'Reims'),
    (358, 'Lopez', 'Raul', '1234', '105 boulevard de la Colline', '37000', 'Tours'),
    (359, 'Martinez', 'Paolo', '1234', '135 impasse de la Forêt', '13001', 'Marseille'),
    (360, 'Ben Ali', 'Leonor', '1234', '120 chemin du Musée', '67000', 'Strasbourg'),
    (361, 'Dubois', 'Mathieu', '1234', '94 boulevard de la Paix', '37000', 'Tours'),
    (362, 'Fournier', 'Nicolas', '1234', '171 rue du Musée', '44000', 'Nantes'),
    (363, 'Lopez', 'Carlos', '1234', '1 avenue de la Paix', '06000', 'Nice'),
    (364, 'Richard', 'Elodie', '1234', '43 rue de la Forêt', '35000', 'Rennes'),
    (365, 'David', 'Louis', '1234', '161 avenue de la Paix', '69001', 'Lyon'),
    (366, 'Petit', 'Laura', '1234', '198 boulevard de la Paix', '13001', 'Marseille'),
    (367, 'Michel', 'Marie', '1234', '12 place de la Colline', '45000', 'Orléans'),
    (368, 'Bianchi', 'Javier', '1234', '142 impasse de la Paix', '69001', 'Lyon'),
    (369, 'Silva', 'Carlos', '1234', '89 impasse de l''Université', '37000', 'Tours'),
    (370, 'Fournier', 'Camille', '1234', '89 quai de l''Université', '06000', 'Nice'),
    (371, 'Fournier', 'Emma', '1234', '136 route du Musée', '44000', 'Nantes'),
    (372, 'Bertrand', 'Laura', '1234', '11 quai du Musée', '67000', 'Strasbourg'),
    (373, 'Costa', 'Isabel', '1234', '196 avenue de la Paix', '35000', 'Rennes'),
    (374, 'Simon', 'Pierre', '1234', '194 boulevard de la Colline', '37000', 'Tours'),
    (375, 'Dubois', 'Pierre', '1234', '59 passage du Musée', '06000', 'Nice'),
    (376, 'Romano', 'André', '1234', '171 place de l''Université', '69001', 'Lyon'),
    (377, 'Martin', 'Chloé', '1234', '130 chemin du Musée', '31000', 'Toulouse'),
    (378, 'Rossi', 'Javier', '1234', '2 boulevard de la Paix', '31000', 'Toulouse'),
    (379, 'Robert', 'Julie', '1234', '47 place de la Paix', '44000', 'Nantes'),
    (380, 'Dubois', 'Emma', '1234', '143 place de l''Université', '51100', 'Reims'),
    (381, 'Pereira', 'Javier', '1234', '84 passage de l''Université', '13001', 'Marseille'),
    (382, 'Thomas', 'Nathan', '1234', '49 route de la Forêt', '44000', 'Nantes'),
    (383, 'Romano', 'Paolo', '1234', '123 avenue de la Paix', '13001', 'Marseille'),
    (384, 'Leroy', 'Marie', '1234', '140 rue de la Forêt', '13001', 'Marseille'),
    (385, 'Richard', 'Nicolas', '1234', '143 chemin du Musée', '33000', 'Bordeaux'),
    (386, 'Roux', 'Jean', '1234', '198 avenue du Musée', '75001', 'Paris'),
    (387, 'Bertrand', 'Sophie', '1234', '12 passage de l''Université', '31000', 'Toulouse'),
    (388, 'Santos', 'João', '1234', '46 allée du Musée', '06000', 'Nice'),
    (389, 'Fournier', 'Lucas', '1234', '89 rue de la Forêt', '51100', 'Reims'),
    (390, 'Michel', 'Lucas', '1234', '180 avenue de la Paix', '75001', 'Paris'),
    (391, 'Richard', 'Nathan', '1234', '187 boulevard de l''Université', '33000', 'Bordeaux'),
    (392, 'Garcia', 'Emma', '1234', '191 place de la Colline', '59000', 'Lille'),
    (393, 'Roux', 'Nicolas', '1234', '114 allée du Musée', '69001', 'Lyon'),
    (394, 'Bernard', 'Emma', '1234', '67 impasse de la Paix', '44000', 'Nantes'),
    (395, 'Dubois', 'Mathieu', '1234', '170 quai de l''Université', '35000', 'Rennes'),
    (396, 'Ben Ali', 'André', '1234', '16 avenue de la Forêt', '44000', 'Nantes'),
    (397, 'Petit', 'Chloé', '1234', '152 avenue de la Paix', '06000', 'Nice'),
    (398, 'Bianchi', 'Mariana', '1234', '125 passage de la Paix', '69001', 'Lyon'),
    (399, 'Garcia', 'Jean', '1234', '69 place de l''Université', '06000', 'Nice'),
    (400, 'Petit', 'Julie', '1234', '36 rue du Musée', '13001', 'Marseille'),
    (401, 'Ben Ali', 'Mariana', '1234', '60 quai de la Forêt', '06000', 'Nice'),
    (402, 'Roux', 'Antoine', '1234', '138 route de la Colline', '59000', 'Lille'),
    (403, 'Martinez', 'Fatima', '1234', '37 impasse de l''Université', '59000', 'Lille'),
    (404, 'Rodriguez', 'Mariana', '1234', '123 passage de la Paix', '38000', 'Grenoble'),
    (405, 'Garcia', 'Jean', '1234', '115 avenue de la Colline', '45000', 'Orléans'),
    (406, 'Bernard', 'Mathieu', '1234', '29 impasse de la Forêt', '38000', 'Grenoble'),
    (407, 'Laurent', 'Lucie', '1234', '124 impasse du Musée', '38000', 'Grenoble'),
    (408, 'Petit', 'Camille', '1234', '151 rue du Musée', '75001', 'Paris'),
    (409, 'David', 'Manon', '1234', '194 quai de l''Université', '06000', 'Nice'),
    (410, 'Roux', 'Louis', '1234', '55 impasse de la Forêt', '69001', 'Lyon'),
    (411, 'David', 'Mathieu', '1234', '15 avenue de l''Université', '51100', 'Reims'),
    (412, 'Thomas', 'Camille', '1234', '136 allée de la Colline', '69001', 'Lyon'),
    (413, 'Laurent', 'Louis', '1234', '36 chemin du Musée', '75001', 'Paris'),
    (414, 'Romano', 'André', '1234', '133 rue de la Forêt', '44000', 'Nantes'),
    (415, 'Dubois', 'Nicolas', '1234', '126 passage de la Colline', '45000', 'Orléans'),
    (416, 'Leroy', 'Mathieu', '1234', '139 quai de la Paix', '45000', 'Orléans'),
    (417, 'Thomas', 'Laura', '1234', '158 allée de l''Université', '06000', 'Nice'),
    (418, 'David', 'Laura', '1234', '156 place de l''Université', '31000', 'Toulouse'),
    (419, 'Bianchi', 'Paolo', '1234', '163 allée de la Forêt', '67000', 'Strasbourg'),
    (420, 'Bianchi', 'Tiago', '1234', '55 chemin de la Forêt', '35000', 'Rennes'),
    (421, 'Simon', 'Nathan', '1234', '140 boulevard du Musée', '34000', 'Montpellier'),
    (422, 'Romano', 'Carlos', '1234', '93 allée de la Forêt', '44000', 'Nantes'),
    (423, 'Santos', 'Luca', '1234', '192 boulevard de l''Université', '51100', 'Reims'),
    (424, 'Robert', 'Nicolas', '1234', '184 allée de la Forêt', '59000', 'Lille'),
    (425, 'Richard', 'Paul', '1234', '79 chemin de la Forêt', '75001', 'Paris'),
    (426, 'Roux', 'Hugo', '1234', '48 allée de la Paix', '45000', 'Orléans'),
    (427, 'Robert', 'Camille', '1234', '137 quai du Musée', '06000', 'Nice'),
    (428, 'Petit', 'Pierre', '1234', '127 chemin de la Colline', '37000', 'Tours'),
    (429, 'Robert', 'Antoine', '1234', '82 allée de la Paix', '37000', 'Tours'),
    (430, 'Ben Ali', 'Omar', '1234', '194 impasse de la Forêt', '75001', 'Paris'),
    (431, 'Fournier', 'Chloé', '1234', '137 impasse de la Colline', '33000', 'Bordeaux'),
    (432, 'Garcia', 'Marie', '1234', '145 rue de l''Université', '35000', 'Rennes'),
    (433, 'Bianchi', 'Fatima', '1234', '122 boulevard de la Paix', '13001', 'Marseille'),
    (434, 'Moreau', 'Chloé', '1234', '75 route de l''Université', '45000', 'Orléans'),
    (435, 'Laurent', 'Paul', '1234', '97 route de la Forêt', '06000', 'Nice'),
    (436, 'Bianchi', 'Javier', '1234', '32 impasse de la Forêt', '06000', 'Nice'),
    (437, 'David', 'Marie', '1234', '74 avenue de la Colline', '75001', 'Paris'),
    (438, 'Rodriguez', 'Luca', '1234', '190 allée du Musée', '06000', 'Nice'),
    (439, 'Lefebvre', 'Camille', '1234', '188 quai de la Paix', '44000', 'Nantes'),
    (440, 'Lefebvre', 'Laura', '1234', '176 route de la Paix', '37000', 'Tours'),
    (441, 'Gonzalez', 'Luca', '1234', '172 avenue de la Colline', '44000', 'Nantes'),
    (442, 'Laurent', 'Lucie', '1234', '90 chemin du Musée', '38000', 'Grenoble'),
    (443, 'Simon', 'Mathieu', '1234', '134 impasse du Musée', '34000', 'Montpellier'),
    (444, 'Bouzid', 'Luca', '1234', '60 chemin de la Colline', '35000', 'Rennes'),
    (445, 'Ferrari', 'André', '1234', '13 allée de l''Université', '44000', 'Nantes'),
    (446, 'Robert', 'Pierre', '1234', '149 avenue du Musée', '67000', 'Strasbourg'),
    (447, 'Richard', 'Lucas', '1234', '115 place de la Colline', '06000', 'Nice'),
    (448, 'Carvalho', 'Mehdi', '1234', '137 avenue de l''Université', '67000', 'Strasbourg'),
    (449, 'Vincent', 'Marie', '1234', '11 allée de la Paix', '38000', 'Grenoble'),
    (450, 'Vincent', 'Manon', '1234', '91 chemin du Musée', '31000', 'Toulouse'),
    (451, 'Leroy', 'Nathan', '1234', '97 boulevard du Musée', '06000', 'Nice'),
    (452, 'Garcia', 'Pierre', '1234', '96 boulevard de la Forêt', '13001', 'Marseille'),
    (453, 'Costa', 'Omar', '1234', '108 route de l''Université', '38000', 'Grenoble'),
    (454, 'Fournier', 'Lucie', '1234', '100 avenue de la Paix', '67000', 'Strasbourg'),
    (455, 'Garcia', 'Manon', '1234', '114 impasse de la Colline', '33000', 'Bordeaux'),
    (456, 'Vincent', 'Mathieu', '1234', '151 boulevard de la Colline', '67000', 'Strasbourg'),
    (457, 'Martin', 'Emma', '1234', '156 avenue de la Colline', '67000', 'Strasbourg'),
    (458, 'Michel', 'Antoine', '1234', '126 passage du Musée', '34000', 'Montpellier'),
    (459, 'David', 'Mathieu', '1234', '169 chemin de l''Université', '33000', 'Bordeaux'),
    (460, 'Michel', 'Nathan', '1234', '193 boulevard de la Forêt', '31000', 'Toulouse'),
    (461, 'Rossi', 'André', '1234', '135 avenue de l''Université', '31000', 'Toulouse'),
    (462, 'Santos', 'Javier', '1234', '10 boulevard de l''Université', '34000', 'Montpellier'),
    (463, 'Michel', 'Julie', '1234', '59 avenue de la Colline', '45000', 'Orléans'),
    (464, 'Leroy', 'Lucie', '1234', '18 chemin de la Paix', '67000', 'Strasbourg'),
    (465, 'Petit', 'Paul', '1234', '159 quai de la Forêt', '75001', 'Paris'),
    (466, 'Fournier', 'Paul', '1234', '18 place de la Paix', '51100', 'Reims'),
    (467, 'Haddad', 'Fatima', '1234', '1 allée de la Forêt', '31000', 'Toulouse'),
    (468, 'Bertrand', 'Hugo', '1234', '140 impasse du Musée', '06000', 'Nice'),
    (469, 'Pereira', 'Mehdi', '1234', '155 rue de la Paix', '75001', 'Paris'),
    (470, 'Bertrand', 'Louis', '1234', '120 impasse du Musée', '59000', 'Lille'),
    (471, 'Martin', 'Marie', '1234', '8 passage de la Colline', '59000', 'Lille'),
    (472, 'Roux', 'Lucie', '1234', '189 chemin de l''Université', '34000', 'Montpellier'),
    (473, 'Durand', 'Antoine', '1234', '95 passage du Musée', '51100', 'Reims'),
    (474, 'Bouzid', 'Paolo', '1234', '147 place de l''Université', '13001', 'Marseille'),
    (475, 'Moreau', 'Nathan', '1234', '26 chemin de la Paix', '44000', 'Nantes'),
    (476, 'Garcia', 'Chloé', '1234', '62 route du Musée', '67000', 'Strasbourg'),
    (477, 'Thomas', 'Elodie', '1234', '118 place de la Paix', '45000', 'Orléans'),
    (478, 'Dubois', 'Louis', '1234', '44 quai de la Paix', '06000', 'Nice'),
    (479, 'Abdelkader', 'Paolo', '1234', '161 quai de l''Université', '67000', 'Strasbourg'),
    (480, 'Robert', 'Laura', '1234', '89 impasse de la Forêt', '31000', 'Toulouse'),
    (481, 'Robert', 'Manon', '1234', '132 impasse de la Paix', '37000', 'Tours'),
    (482, 'Martin', 'Manon', '1234', '14 rue de l''Université', '34000', 'Montpellier'),
    (483, 'Durand', 'Sophie', '1234', '54 boulevard de la Forêt', '31000', 'Toulouse'),
    (484, 'Mokhtar', 'João', '1234', '113 chemin de l''Université', '67000', 'Strasbourg'),
    (485, 'Martin', 'Camille', '1234', '198 impasse de la Paix', '31000', 'Toulouse'),
    (486, 'Michel', 'Marie', '1234', '56 allée de la Paix', '37000', 'Tours'),
    (487, 'Fournier', 'Camille', '1234', '173 chemin de la Forêt', '59000', 'Lille'),
    (488, 'Bouzid', 'Giovanni', '1234', '21 allée du Musée', '44000', 'Nantes'),
    (489, 'Mokhtar', 'Leonor', '1234', '40 passage de la Forêt', '59000', 'Lille'),
    (490, 'Michel', 'Antoine', '1234', '138 allée de la Paix', '59000', 'Lille'),
    (491, 'Fournier', 'Nathan', '1234', '79 quai du Musée', '37000', 'Tours'),
    (492, 'Bernard', 'Louis', '1234', '85 avenue du Musée', '31000', 'Toulouse'),
    (493, 'Haddad', 'Omar', '1234', '100 place du Musée', '44000', 'Nantes'),
    (494, 'Durand', 'Elodie', '1234', '196 allée de la Forêt', '45000', 'Orléans'),
    (495, 'Pereira', 'Tiago', '1234', '126 passage de la Forêt', '69001', 'Lyon'),
    (496, 'Robert', 'Marie', '1234', '154 impasse de l''Université', '44000', 'Nantes'),
    (497, 'Bouzid', 'Leonor', '1234', '24 place du Musée', '35000', 'Rennes'),
    (498, 'Lefebvre', 'Nathan', '1234', '48 avenue de la Forêt', '45000', 'Orléans'),
    (499, 'Vincent', 'Sophie', '1234', '12 place de la Paix', '69001', 'Lyon'),
    (500, 'Garcia', 'Elodie', '1234', '10 quai de la Paix', '33000', 'Bordeaux');

insert into AUTEUR(idauteur, nomauteur,anneenais,anneedeces) values
	('OL6786683A', 'Juliette Saumande', NULL, NULL),
	('OL260385A', 'Georges Vigarello', 1941, NULL),
	('OL78133A', 'Noëlle Châtelet', 1944, NULL),
	('OL6604063A', 'Danièle Granet', NULL, NULL),
	('OL290799A', 'Jean-Claude Carrière', 1931, 2021),
	('OL625908A', 'Patrick Michel', 1955, NULL),
	('OL282801A', 'Olivier Mongin', NULL, NULL),
	('OL8254539A', 'Catherine Sandner', 1968, NULL),
	('OL183632A', 'Jean Lartéguy', 1920, NULL),
	('OL4353595A', 'Richmal Crompton', 1890, 1969),
	('OL472339A', 'Coline Serreau', NULL, NULL),
	('OL365538A', 'Christiane Singer', 1943, NULL),
	('OL1616197A', 'Simone Delattre', NULL, NULL),
	('OL2687141A', 'Disney', NULL, NULL),
	('OL1012709A', 'Rosa Bonheur', 1822, 1899),
	('OL5843069A', 'Jean-Michel Othoniel', 1964, NULL),
	('OL327903A', 'Isabelle Muller', NULL, NULL),
	('OL138226A', 'Jean-Pierre Richard', 1922, 2019),
	('OL9288975A', 'Pierre Baldurinos', NULL, NULL),
	('OL300859A', 'Gérard Defois', NULL, NULL),
	('OL47923A', 'Wolfgang Amadeus Mozart', 1756, 1791),
	('OL10834669A', 'Emmanuel Faye', 1956, NULL),
	('OL9089060A', 'Philippe Mérel', NULL, NULL),
	('OL53789A', 'Alain Touraine', NULL, NULL),
	('OL793965A', 'Daniel Garcia', NULL, NULL),
	('OL68998A', 'Ann M. Martin', 1955, NULL),
	('OL8309123A', 'Maya Nuq-Barakat', 1956, NULL),
	('OL1401762A', 'Anthony Kiedis', 1962, NULL),
	('OL1144643A', 'Gabrielle Erouart', NULL, NULL),
	('OL6421006A', 'Nicolas Abraham', 1919, 1977),
	('OL7170345A', 'Christophe Hublet', NULL, NULL),
	('OL3894665A', 'Hélène Lassalle', NULL, NULL),
	('OL9109631A', 'Arnaud Alméras', 1967, NULL),
	('OL3915825A', 'Petits Debrouillards', NULL, NULL),
	('OL745908A', 'Jacques Vassal', 1947, NULL),
	('OL480117A', 'Jacques Thuillier', NULL, NULL),
	('OL503964A', 'Guy Debord', 1931, 1994),
	('OL8767465A', 'Huei-Chung Tsao', NULL, NULL),
	('OL3958453A', 'Patrick Bruno', NULL, NULL),
	('OL9883909A', 'France. Conseil national des programmes', NULL, NULL),
	('OL10341992A', 'Claude Merle', 1938, NULL),
	('OL662717A', 'André Dupleix', 1944, NULL),
	('OL12121492A', 'Marion Aubert', NULL, NULL),
	('OL10718009A', 'James Wilson Hall', 1947, NULL),
	('OL266371A', 'François Gault', NULL, NULL),
	('OL18236A', 'Alexandre Dumas', 1802, 1870),
	('OL9879604A', 'Jacques Rancière', 1940, NULL),
	('OL9136327A', 'Olivier Page', NULL, NULL),
	('OL29442A', 'Alain Badiou', 1937, NULL),
	('OL616589A', 'André Sève', 1913, NULL),
	('OL7199381A', 'Pierre-Gilles Bellin', NULL, NULL),
	('OL89823A', 'Philippe Poirrier', NULL, NULL),
	('OL6958387A', 'Frédéric Werst', NULL, NULL),
	('OL75900A', 'Ludovico Pratesi', NULL, NULL),
	('OL904756A', 'Christopher Frank', 1942, NULL),
	('OL58486A', 'Leif Davidsen', 1950, NULL),
	('OL222275A', 'Alain Corbin', 1936, NULL),
	('OL805074A', 'André Tubeuf', 1930, NULL),
	('OL92953A', 'Meg Cabot', 1967, NULL),
	('OL1732606A', 'Gilles Dostaler', NULL, NULL),
	('OL926680A', 'Pierre Martin', NULL, NULL),
	('OL21594A', 'Jane Austen', 1775, 1817),
	('OL4267945A', 'Pierre Rival', NULL, 1730),
	('OL745189A', 'Jean-Marc Durou', NULL, NULL),
	('OL811264A', 'Michel Legrain', 1929, NULL),
	('OL86639A', 'Gilles Clément', NULL, NULL),
	('OL44765A', 'R. D. Laing', 1927, 1989),
	('OL30130A', 'Vivian French', 1945, NULL),
	('OL1268396A', 'Henri Capieu', NULL, NULL),
	('OL498893A', 'Giorgio Verzotti', NULL, NULL),
	('OL9135136A', 'Stéphane Girel', 1970, NULL),
	('OL1286525A', 'Gérard Edde', 1947, NULL),
	('OL1433142A', 'Martine Laffon', NULL, NULL),
	('OL1044361A', 'Henri Le Mire', 1918, NULL),
	('OL3661383A', 'Ruggero Penone', NULL, NULL),
	('OL8006153A', 'Nathalie de Loeper', 1960, NULL),
	('OL3995138A', 'Rudolf B. Holzapfel', NULL, NULL),
	('OL273106A', 'Odon Vallet', NULL, NULL),
	('OL65567A', 'Jean-Marie Colombani', NULL, NULL),
	('OL2751472A', 'Charles M. Schulz', 1922, 2000),
	('OL400995A', 'P. Debré', NULL, NULL),
	('OL238932A', 'Jacques Ellul', 1912, 1994),
	('OL12882773A', 'Maṉō', NULL, NULL),
	('OL344551A', 'Patrick Fauconnier', NULL, NULL),
	('OL9000769A', 'Jean Pierre.. Babelon', NULL, NULL),
	('OL3939215A', 'François Billetdoux', NULL, NULL),
	('OL670651A', 'Jean Gimpel', 1918, NULL),
	('OL10819841A', 'Jean-Pierre Ryngaert', NULL, NULL),
	('OL202927A', 'Claude Delarue', NULL, NULL),
	('OL6137446A', 'Ilona Flutsztejn-Gruda', 1930, NULL),
	('OL10347903A', 'Patricia Ranvoisé', NULL, NULL),
	('OL7370632A', 'Didier Van Cauwelaert', NULL, NULL),
	('OL73656A', 'Emmanuel Todd', 1951, NULL),
	('OL9366486A', 'Yves Got', 1939, NULL),
	('OL253171A', 'Doda Conrad', NULL, NULL),
	('OL692059A', 'Xavier Fauche', NULL, NULL),
	('OL236943A', 'Quentin Blake', 1932, NULL),
	('OL3112262A', 'Pierre Gibert', NULL, NULL),
	('OL190100A', 'Paul Auster', 1947, NULL),
	('OL805362A', 'Françoise Parturier', NULL, NULL),
	('OL7581250A', 'Xavier Dorison', 1972, NULL),
	('OL10129287A', 'Christine Ponsard', 1957, 2004),
	('OL236824A', 'Jacques Rancière', NULL, NULL),
	('OL272902A', 'Henry Gidel', NULL, NULL),
	('OL273181A', 'Charon Jean E.', NULL, NULL),
	('OL6420963A', 'Marcel Rufo', 1945, NULL),
	('OL1070146A', 'Michel Cuisin', NULL, NULL),
	('OL962910A', 'Eugénie Lemoine-Luccioni', NULL, NULL),
	('OL9372298A', 'Rhône) Envols d''enfance (Villeurbanne', NULL, NULL),
	('OL9134232A', 'Danielle Capellazzi', NULL, NULL),
	('OL46487A', 'Simon Epstein', 1947, NULL),
	('OL7390227A', 'Vivian Vande Velde', NULL, NULL),
	('OL3198169A', 'Ron Mueck', NULL, NULL),
	('OL9090639A', 'Julien Bonneau', NULL, NULL),
	('OL675711A', 'Jean-Christophe Bailly', NULL, NULL),
	('OL261873A', 'Jacques Julliard', NULL, NULL),
	('OL90207A', 'Octave Mannoni', NULL, NULL),
	('OL1287184A', 'Galileo Galilei', 1564, 1642),
	('OL848999A', 'Serge Moati', NULL, NULL),
	('OL507053A', 'François Varillon', 1905, NULL),
	('OL9133196A', 'Philippe Legendre-Kvater', 1947, NULL),
	('OL3114508A', 'Veronique Mattiussi', NULL, NULL),
	('OL335251A', 'Kurt Bracharz', 1947, NULL),
	('OL255725A', 'Marie NDiaye', 1967, NULL),
	('OL742699A', 'Jean-Louis Capitaine', NULL, NULL),
	('OL10367143A', 'Jelena Sisic', NULL, NULL),
	('OL277358A', 'Philippe Kourilsky', NULL, NULL),
	('OL275795A', 'Lyne Cohen-Solal', NULL, NULL),
	('OL42426A', 'Daniel Marguerat', 1943, NULL),
	('OL484422A', 'Patrice Loraux', NULL, NULL),
	('OL675526A', 'Isabelle Chamska', 1951, NULL),
	('OL42793A', 'Yves Prigent', NULL, NULL),
	('OL2769893A', 'Vladimir Jankélévitch', 1903, 1985),
	('OL1027116A', 'Claude Ullin', NULL, NULL),
	('OL493324A', 'Bryan Forbes', 1926, NULL),
	('OL7418679A', 'Philippe Gloaguen', 1951, NULL),
	('OL130905A', 'Renard Jean-Claude', 1922, NULL),
	('OL9105589A', 'éric Kayser', 1964, NULL),
	('OL2749701A', 'Herbert Ypma', NULL, NULL),
	('OL3148571A', 'Anne Vantal', NULL, NULL),
	('OL9088944A', 'Delphine Saulière', NULL, NULL),
	('OL2731520A', 'éric Kayser', NULL, NULL),
	('OL9126957A', 'Isabelle Etterlé', NULL, NULL),
	('OL9201351A', 'François Lebrun', 1923, NULL),
	('OL7413747A', 'Patricia J. MacDonald', 1949, NULL),
	('OL9196291A', 'Leigh Sauerwein', 1944, NULL),
	('OL600270A', 'Michael Busselle', NULL, NULL),
	('OL8370511A', 'Ollivier Pourriol', NULL, NULL),
	('OL56365A', 'Gérard de Cortanze', NULL, NULL),
	('OL185339A', 'Micheline Boudet', NULL, NULL),
	('OL9125347A', 'Denis Montagnon', 1959, NULL),
	('OL541510A', 'Briony Fer', NULL, NULL),
	('OL1676475A', 'Jacques Leclercq', NULL, NULL),
	('OL188861A', 'Philippe Madelin', 1935, NULL),
	('OL303782A', 'Jacques Ninio', NULL, NULL),
	('OL1494648A', 'Marc Walter', NULL, NULL),
	('OL9135138A', 'Marie-José Banroques', 1969, NULL),
	('OL8270379A', 'Virginie Martins-B', NULL, NULL),
	('OL2705764A', 'Eric Kayser', NULL, NULL),
	('OL9881191A', 'Michaël Cadnum', 1949, NULL),
	('OL188994A', 'Albert Jacquard', NULL, NULL),
	('OL7556591A', 'Mathilde Brun', NULL, NULL),
	('OL687796A', 'Daniel Lacotte', NULL, NULL),
	('OL48825A', 'René Lenoir', NULL, NULL),
	('OL9307571A', 'Florence Décamp', NULL, NULL),
	('OL86080A', 'Jean Jacob', NULL, NULL),
	('OL23180A', 'Jerome Charyn', 1937, NULL),
	('OL3162450A', 'Jean Léturgie', NULL, NULL),
	('OL10834563A', 'Fumiko Kono', 1969, NULL),
	('OL119598A', 'René Huyghe', 1906, 1997),
	('OL8027227A', 'élisabeth Barféty', NULL, NULL),
	('OL9125318A', 'Aude de Galard', NULL, NULL),
	('OL3896282A', 'Catherine de Lasa', NULL, NULL),
	('OL770589A', 'Haroun Tazieff', 1914, 1998),
	('OL899741A', 'Jean-Pierre Richard', NULL, NULL),
	('OL9372035A', 'Solange Schnall', NULL, NULL),
	('OL8455580A', 'Florence Kennel', NULL, NULL),
	('OL3127281A', 'Valentine Zuber', NULL, NULL),
	('OL3958407A', 'Florence Dutheil', NULL, NULL),
	('OL3276260A', 'Igor Szalewa', NULL, NULL),
	('OL193107A', 'Alex Sanders', NULL, NULL),
	('OL293669A', 'Michel-Philippe Laroche', NULL, NULL),
	('OL3893886A', 'Benoît Heimermann', NULL, NULL),
	('OL799867A', 'Guy Lazorthes', 1910, NULL),
	('OL318217A', 'Denis Kambouchner', NULL, NULL),
	('OL193225A', 'Jean-François Minster', NULL, NULL),
	('OL390699A', 'Lydia Flem', NULL, NULL),
	('OL3890799A', 'Brigitte Lallement', NULL, NULL),
	('OL8920082A', 'Marie-Laure André', NULL, NULL),
	('OL68163A', 'Alain Gerber', 1943, NULL),
	('OL614591A', 'Paolo Taviani', 1931, NULL),
	('OL300488A', 'Jacques Pohier', NULL, NULL),
	('OL3956799A', 'Jérôme Godeau', NULL, NULL),
	('OL961975A', 'Martin Meade', NULL, NULL),
	('OL5374582A', 'Gérard Lebrun', NULL, NULL),
	('OL3136325A', 'Pierre Bourdieu', 1930, 2002),
	('OL329714A', 'Alain Woodrow', NULL, NULL),
	('OL5771485A', 'Timothée Picard', NULL, NULL),
	('OL7315309A', 'Michiko Yamada', NULL, NULL),
	('OL9135320A', 'Olivier Py', 1965, NULL),
	('OL43110A', 'Dominique Picard', 1948, NULL),
	('OL22157A', 'Harriet Beecher Stowe', 1811, 1896),
	('OL7543965A', 'Ines de La Fressange', 1957, NULL),
	('OL337693A', 'Alain Erlande-Brandenburg', NULL, NULL),
	('OL475733A', 'Rachel Ertel', NULL, NULL),
	('OL5475804A', 'Sylvie Deraime', NULL, NULL),
	('OL846507A', 'Francis Jeanson', 1922, NULL),
	('OL413259A', 'Xavier de Gaulle', NULL, NULL),
	('OL1198184A', 'Michael Newman', NULL, NULL),
	('OL466448A', 'Mandel Arnold', 1913, 1987),
	('OL975295A', 'Denise Basdevant', NULL, NULL),
	('OL9878755A', 'Marie Barbelet', NULL, NULL),
	('OL28922A', 'Jean Laplanche', NULL, NULL),
	('OL7520585A', 'Elen Lescoat', 1977, NULL),
	('OL336263A', 'Robert Fossier', NULL, NULL),
	('OL9194334A', 'Olivier Gay', 1979, NULL),
	('OL8855447A', 'Isabelle Duquesnoy', NULL, NULL),
	('OL1371098A', 'Wladimir Granoff', NULL, NULL),
	('OL199207A', 'Ken Brown', NULL, NULL),
	('OL23280A', 'Rosenblum Robert.', NULL, NULL),
	('OL6928543A', 'Homère', NULL, NULL),
	('OL73631A', 'Katherine Pancol', 1949, NULL),
	('OL3908785A', 'Gilles Fumey', NULL, NULL),
	('OL61930A', 'Christian Delporte', NULL, NULL),
	('OL1530799A', 'Jean-Loup Welcomme', NULL, NULL),
	('OL634446A', 'Sam Szafran', NULL, NULL),
	('OL9280694A', 'Didier Cornaille', 1943, NULL),
	('OL56064A', 'Patrick Carré', NULL, NULL),
	('OL605631A', 'Gaston Lenôtre', NULL, NULL),
	('OL9880621A', 'Trish Deseine', 1964, NULL),
	('OL8239231A', 'Fanny Joly', 1954, NULL),
	('OL3154840A', 'Fatou Diome', 1968, NULL),
	('OL3114520A', 'Catherine Dozel', NULL, NULL),
	('OL862023A', 'Morris', 1923, 2001),
	('OL473179A', 'Dominique Reznikoff', 1927, NULL),
	('OL460124A', 'Gilles Kepel', 1955, NULL),
	('OL10214845A', 'Anne Torrès', NULL, NULL),
	('OL9198388A', 'Alain Wagneur', 1955, NULL),
	('OL66467A', 'Kateb', NULL, 1929),
	('OL7207049A', 'Jean-Charles Kraehn', 1957, NULL),
	('OL9309946A', 'Françoise Clairet', 1966, NULL),
	('OL5124276A', 'David Martin', 1946, NULL),
	('OL266776A', 'Alexandre Astruc', NULL, NULL),
	('OL3534692A', 'Joseph Fitchett', NULL, NULL),
	('OL7035172A', 'Fabien Nury', NULL, NULL),
	('OL963484A', 'Jennifer G.', NULL, NULL),
	('OL7572575A', 'Léo', 1944, NULL),
	('OL276854A', 'Israel Finkelstein', NULL, NULL),
	('OL2703408A', 'Elisabetta Dami', 1958, NULL),
	('OL853648A', 'José Davin', NULL, NULL),
	('OL5849938A', 'Paule Pagliano', NULL, NULL),
	('OL557572A', 'Jordan Horowitz', NULL, NULL),
	('OL7409161A', 'Vincent Villeminot', NULL, NULL),
	('OL113611A', 'Jules Verne', 1828, 1905),
	('OL3891235A', 'Anne-Catherine Sore', NULL, NULL),
	('OL7432700A', 'Bernadette Rigal-Cellard', NULL, NULL),
	('OL127425A', 'Gille', NULL, 1920),
	('OL7059337A', 'Francis Hallé', NULL, NULL),
	('OL184112A', 'Bernard', NULL, 1907),
	('OL7200619A', 'Fabien Nury', 1976, NULL),
	('OL322021A', 'Georges Blanc', 1943, NULL),
	('OL7527096A', 'Antoon Krings', 1962, NULL),
	('OL333561A', 'Robert', NULL, 1920),
	('OL3136017A', 'André Giordan', NULL, NULL),
	('OL3087700A', 'Florian Zeller', NULL, NULL),
	('OL3661384A', 'Kathryn Tuma', NULL, NULL),
	('OL6108695A', 'Colloque de Cerisy. (1990)', NULL, NULL),
	('OL233814A', 'Enid Blyton', 1897, 1968),
	('OL856628A', 'Anne-Marie Pol', NULL, NULL),
	('OL1631137A', 'Jean Marie Beyssade', NULL, NULL),
	('OL9135137A', 'Claude Cachin', 1964, NULL),
	('OL500604A', 'Jean-Marie Domenach', 1922, NULL),
	('OL1193903A', 'Jean Paul Pequegnot', NULL, NULL),
	('OL25931A', 'Hans Christian Andersen', 1805, 1875),
	('OL8314144A', 'Brigitte Coppin', 1955, NULL),
	('OL353853A', 'Serge Hutin', NULL, NULL),
	('OL6872645A', 'Michel Benoît', 1940, NULL),
	('OL276698A', 'Michel Vinaver', 1927, NULL),
	('OL7600412A', 'Valéry Drouet', NULL, NULL),
	('OL63351A', 'Claude Vigée', 1921, 2020),
	('OL1981333A', 'Christian Poslaniec', NULL, NULL),
	('OL3121288A', 'Emilie Beaumont', NULL, NULL),
	('OL890666A', 'Scott O''Dell', 1898, 1989),
	('OL257755A', 'Dominique Foulon', NULL, NULL),
	('OL2216453A', 'Philippe Crocq', NULL, NULL),
	('OL44467A', 'Dietrich Fischer-Dieskau', 1925, NULL),
	('OL348222A', 'Joseph Klatzmann', NULL, NULL),
	('OL413256A', 'Frédérique Crestin-Billet', NULL, NULL),
	('OL605418A', 'Quino', 1932, 2020),
	('OL39319A', 'Jenny Dale', NULL, NULL),
	('OL7971789A', 'Sophie Marvaud', 1961, NULL),
	('OL1533052A', 'Serge Toubiana', 1949, NULL),
	('OL10367142A', 'Mark Koren', NULL, NULL),
	('OL623606A', 'Odette Desfonds', NULL, NULL),
	('OL42807A', 'Pierre Pierrard', NULL, NULL),
	('OL1358734A', 'Jean-Emile Mazer', NULL, NULL),
	('OL490705A', 'Cyrille Michon', NULL, NULL),
	('OL33659A', 'Phillis Gershator', NULL, NULL),
	('OL76009A', 'Walter Farley', 1915, 1989),
	('OL333512A', 'Bernard Besret', NULL, NULL),
	('OL26868A', 'Pierre Teilhard de Chardin', 1881, 1955),
	('OL25307A', 'Carol Gorman', NULL, NULL),
	('OL1531701A', 'Christian Dumais-Lvowski', NULL, NULL),
	('OL622912A', 'Jacques Chancel', NULL, NULL),
	('OL7447A', 'Catholic Church', NULL, NULL),
	('OL4821748A', 'Pierre Rosanvallon', NULL, NULL),
	('OL637323A', 'Sharon Jennings', 1954, NULL),
	('OL792140A', 'Lorris Murail', 1951, NULL),
	('OL3112945A', 'André Comte-Sponville', NULL, NULL),
	('OL9887727A', 'éric Weiner', NULL, NULL),
	('OL7212692A', 'Le o', 1944, NULL),
	('OL2822325A', 'Wendy Robertson', NULL, NULL),
	('OL76023A', 'Roy', NULL, 1916),
	('OL2678447A', 'Jean-Claude Mourlevat', NULL, NULL),
	('OL423150A', 'Marais', NULL, 1913),
	('OL3436817A', 'Anne Riou', NULL, NULL),
	('OL9955561A', 'Laure Salès', NULL, NULL),
	('OL1580847A', 'Jean Jacques Fauvel', NULL, NULL),
	('OL746111A', 'Philippe Bordeyne', NULL, NULL),
	('OL11672726A', 'Isabelle Roumeguère', NULL, NULL),
	('OL221095A', 'Robert Louis Heilbroner', 1919, 2005),
	('OL1386849A', 'Maxence Fermine', 1968, NULL),
	('OL7141748A', 'Cécile Mainardi', NULL, NULL),
	('OL922931A', 'Josiane Balasko', NULL, NULL),
	('OL3532610A', 'Guide Routard', NULL, NULL),
	('OL1489375A', 'Wajdi Mouawad', NULL, NULL),
	('OL9134957A', 'Jean-Claude Bartoll', 1962, NULL),
	('OL276096A', 'Dominique Missika', NULL, NULL),
	('OL3892318A', 'Bernard Sève', NULL, NULL),
	('OL417004A', 'Eliane Girard', NULL, NULL),
	('OL294428A', 'David Roberts', NULL, NULL),
	('OL559437A', 'Paul Herman', NULL, NULL),
	('OL4829695A', 'Christiane Duchesne', NULL, NULL),
	('OL18073A', 'Robert Kraus', 1925, 2001),
	('OL7557798A', 'Paul Jorion', NULL, NULL),
	('OL192612A', 'Héctor Bianciotti', 1930, NULL),
	('OL7622859A', 'P. Clark B. (Based On Books by) Jennings S. (Tv Tie-In) Bourgeois', NULL, NULL),
	('OL9134233A', 'Bruno Bazile', 1961, NULL),
	('OL140292A', 'Germain Bazin', NULL, NULL),
	('OL1043116A', 'Faouzi Skali', NULL, NULL),
	('OL274587A', 'Georges Didi-Huberman', NULL, NULL),
	('OL63330A', 'Jean Claude Martinez', NULL, NULL),
	('OL279641A', 'Mâkhi Xenakis', 1956, NULL),
	('OL217829A', 'Susie Morgenstern', 1945, NULL),
	('OL959492A', 'Jean-Pierre Pagliano', 1943, NULL),
	('OL464271A', 'Jacques Rittaud-Hutinet', NULL, NULL),
	('OL5181414A', 'Suzanne Trocmé', NULL, NULL),
	('OL257455A', 'Alexandre Safran', NULL, NULL),
	('OL3891110A', 'Yannick Lefort', NULL, NULL),
	('OL281637A', 'Jean-Philippe de Tonnac', NULL, NULL),
	('OL303779A', 'Luc Lang', 1956, NULL),
	('OL7562111A', 'Makyo', 1952, NULL),
	('OL7462354A', 'Natacha Godeau', NULL, NULL),
	('OL770988A', 'Bernard Ashley', NULL, NULL),
	('OL281557A', 'Pierre Christin', 1938, NULL),
	('OL90211A', 'George Sand', 1804, 1876),
	('OL1149287A', 'Daniel Gaxie', NULL, NULL),
	('OL476449A', 'Olivier Duhamel', 1950, NULL),
	('OL29918A', 'Nathaniel Altman', 1948, NULL),
	('OL75922A', 'Nette Hilton', 1946, NULL),
	('OL1258855A', 'Lemaire', NULL, 1942),
	('OL74462A', 'Cabu.', NULL, NULL),
	('OL2766124A', 'Françoise Choay', NULL, NULL),
	('OL3323971A', 'Jacques Généreux', NULL, NULL),
	('OL5744075A', 'Françoise Champion', NULL, NULL),
	('OL336253A', 'Frédéric Lagrange', 1964, NULL),
	('OL80177A', 'Antoine', NULL, 1929),
	('OL2703470A', 'Brenda Clark', 1955, NULL),
	('OL3112569A', 'Vladimir Jankélévitch', NULL, NULL),
	('OL140896A', 'Jean Lacouture', 1921, NULL),
	('OL26595A', 'Paulette Bourgeois', 1951, NULL),
	('OL26681A', 'Nathaniel Hawthorne', 1804, 1864),
	('OL9124746A', 'Françoise Réveillet', NULL, NULL),
	('OL10652726A', 'Jacqueline Maillat', NULL, NULL),
	('OL8206493A', 'Georges Chaulet', 1931, 2012),
	('OL9966548A', 'Gay', NULL, 1943),
	('OL124331A', 'Hugues Panassié', NULL, NULL),
	('OL136735A', 'Pauwels', NULL, 1920),
	('OL1673557A', 'William de Bazelaire', NULL, NULL),
	('OL1448670A', 'Florence Hernandez', NULL, NULL),
	('OL4783899A', 'T. L. Sukhotina-Tolstai︠a︡', 1864, 1950),
	('OL7826230A', 'Eugène Ionesco', NULL, NULL),
	('OL261208A', 'Frédéric Debuyst', 1922, NULL),
	('OL70384A', 'Calixthe Beyala', 1961, NULL),
	('OL3113071A', 'Collectif', NULL, NULL),
	('OL78900A', 'Bart Moeyaert', 1964, NULL),
	('OL56029A', 'Silvia Baron Supervielle', NULL, NULL),
	('OL438925A', 'Michel Ghazal', 1950, NULL),
	('OL2879461A', 'Eric Gibory', NULL, NULL),
	('OL9291572A', 'Robert Giraud', 1935, NULL),
	('OL8309027A', 'Patrick Bard', 1958, NULL),
	('OL8449283A', 'Jean-Pierre Andrevon', 1937, NULL),
	('OL302996A', 'Alejandro Jodorowsky', 1929, NULL),
	('OL36891A', 'Miquel Pierre', NULL, 1930),
	('OL3890205A', 'Jean-Pierre Obin', NULL, NULL),
	('OL1666250A', 'André Hampartzoumian', 1949, NULL),
	('OL3895187A', 'Marc Pouyet', NULL, NULL),
	('OL8255640A', 'Matthieu Frachon', 1967, NULL),
	('OL275815A', 'Bernard Chevallier', 1936, NULL),
	('OL182238A', 'Anne-Marie Chapouton', NULL, NULL),
	('OL10509610A', 'Christine Schneider', NULL, NULL),
	('OL10819899A', 'Serge Benbouche', NULL, NULL),
	('OL5813489A', 'Louis-Jean Calvet', 1942, NULL),
	('OL27173A', 'Avi', 1937, NULL),
	('OL8668610A', 'Nicolas Crousse', 1966, NULL),
	('OL6212169A', 'église catholique', NULL, NULL),
	('OL7834684A', 'Delphine Gravier-Badreddine', NULL, NULL),
	('OL4322177A', 'Plotinus', NULL, NULL),
	('OL667497A', 'Oreste Saint-Drôme', NULL, NULL),
	('OL336268A', 'Faivre', NULL, 1934),
	('OL1173430A', 'Lévy', NULL, 1907),
	('OL70026A', 'Serge Brussolo', 1951, NULL),
	('OL907611A', 'Jean-François Remonté', NULL, NULL),
	('OL9139103A', 'Jean-Michel Cohen', NULL, NULL),
	('OL340891A', 'Jocasta Innes', NULL, NULL),
	('OL752004A', 'Claire Bretécher', 1940, 2020),
	('OL725164A', 'Jean Marigny', NULL, NULL),
	('OL976710A', 'Jean-Jacques Courtine', NULL, NULL),
	('OL325335A', 'Paul Bocuse', 1926, NULL),
	('OL2704405A', 'Adam Blade', NULL, NULL),
	('OL1511329A', 'Jean-Pierre Dupuy', 1941, NULL),
	('OL3973280A', 'S. Aymé', NULL, NULL),
	('OL3967371A', 'Marie-Dominique Perrin', NULL, NULL),
	('OL193503A', 'Ibrahim Souss', NULL, NULL),
	('OL173169A', 'Reynier', NULL, 1881),
	('OL8016803A', 'Henri Gougaud', 1936, NULL),
	('OL262845A', 'Simon Schwarzfuchs', NULL, NULL),
	('OL129709A', 'Luc Estang', 1911, 1992),
	('OL863535A', 'René Goscinny', 1926, 1977),
	('OL10712432A', 'Maurice Mimoun', 1955, NULL),
	('OL464343A', 'Pierre Lunel', NULL, NULL),
	('OL8710158A', 'Estelle Nollet', NULL, NULL),
	('OL9126528A', 'Marie Treps', NULL, NULL),
	('OL22413A', 'René Rémond', NULL, NULL),
	('OL298711A', 'Hubert Reeves', NULL, NULL),
	('OL2626013A', 'Lorna Lee Malcolm', NULL, NULL),
	('OL7519561A', 'Cécile Boyer', 1981, NULL),
	('OL129222A', 'Pierre MacOrlan', 1882, 1970),
	('OL1829141A', 'Jean-Jacques Schuhl', 1941, NULL),
	('OL201817A', 'Claude-Marie Trémois', NULL, NULL),
	('OL7203348A', 'Andre Houot', 1947, NULL),
	('OL3914209A', 'André Glucksmann', 1937, NULL),
	('OL199884A', 'Bernard Chambaz', NULL, NULL),
	('OL250953A', 'Marc Vignal', NULL, NULL),
	('OL907592A', 'Anne Marie Perrin-Naffakh', NULL, NULL),
	('OL262693A', 'Jacques Gaillot', 1935, NULL),
	('OL48079A', 'Michel Pastoureau', 1947, NULL),
	('OL44592A', 'Pierre-Emmanuel Dauzat', NULL, NULL),
	('OL3141434A', 'Lucien Rollin', NULL, NULL),
	('OL3138893A', 'Annie Crouzet', NULL, NULL),
	('OL296041A', 'Thierry Leroy', NULL, NULL),
	('OL626229A', 'Didier Guyvarc''h', NULL, NULL),
	('OL113547A', 'Hector Berlioz', 1803, 1869),
	('OL1102844A', 'André Sarazin', NULL, NULL),
	('OL2856160A', 'Céline Curiol', NULL, NULL),
	('OL3141048A', 'Musée du Louvre', NULL, NULL),
	('OL9879182A', 'Torill Thorstad Hauger', NULL, NULL),
	('OL6149633A', 'José Costa', 1971, NULL),
	('OL3194166A', 'Claude Guylouis', NULL, NULL),
	('OL9136418A', 'Maurice Bellet', 1923, NULL),
	('OL1242332A', 'Granger', NULL, NULL),
	('OL3043332A', 'Jill Tushingham', NULL, NULL),
	('OL23660A', 'Jean Bottéro', NULL, NULL),
	('OL1054246A', 'Claude Janicot', 1925, NULL),
	('OL3268455A', 'Isabelle Jeuge-Maynart', NULL, NULL),
	('OL10716350A', 'Molly Burkett', 1932, NULL),
	('OL1677632A', 'Jean-Dominique Lajoux', NULL, NULL),
	('OL1683373A', 'Yvonne Pellé-Douël', 1918, NULL),
	('OL1559643A', 'Raoul Cauvin', 1938, 2021),
	('OL8111307A', 'Agnès Martin', 1960, NULL),
	('OL9360028A', 'Blue sky studios', NULL, NULL),
	('OL755074A', 'Bernadette Bricout', NULL, NULL),
	('OL141020A', 'Roland de Candé', NULL, NULL),
	('OL184325A', 'Roger frère', 1915, NULL),
	('OL3891522A', 'Anne Valéry', NULL, NULL),
	('OL611470A', 'Robert Tixier-Guichard', NULL, NULL),
	('OL5820878A', 'Hubert Ben Kemoun', NULL, NULL),
	('OL9135135A', 'Michel Cosem', 1939, NULL),
	('OL1842752A', 'Paul-Jacques Bonzon', 1908, NULL),
	('OL1470779A', 'Jean François Brieu', NULL, NULL),
	('OL6491183A', 'Raphaël Masson', NULL, NULL),
	('OL5663960A', 'Miljenko Jurković', NULL, NULL),
	('OL465670A', 'Jean Godin', NULL, NULL),
	('OL753880A', 'Claude Tassin', NULL, NULL),
	('OL1494639A', 'Jérôme Picon', NULL, NULL),
	('OL339949A', 'Isabelle Chatellard', NULL, NULL),
	('OL8689025A', 'Sophie Bellier', NULL, NULL),
	('OL195684A', 'Hubert Damisch', NULL, NULL),
	('OL9366830A', 'Natalie Babbitt', 1932, NULL),
	('OL8196496A', 'Claudine Le Gouic-Prieto', NULL, NULL),
	('OL41534A', 'Cornelius Castoriadis', 1922, 1997),
	('OL8206941A', 'Thomas Feller', 1973, NULL),
	('OL3048689A', 'Jean Dufaux', 1949, NULL),
	('OL130666A', 'Jean Cayrol', NULL, NULL),
	('OL353862A', 'Alain Marchadour', 1937, NULL),
	('OL57549A', 'Xavier Pommereau', NULL, NULL),
	('OL1569832A', 'William Camus', NULL, NULL),
	('OL7043689A', 'Catherine Anne', NULL, NULL),
	('OL7950026A', 'Claude Clément', NULL, NULL),
	('OL447324A', 'Bosse', NULL, NULL),
	('OL538877A', 'Jean Starobinski', NULL, NULL),
	('OL3971774A', 'Michèle Moutashar', NULL, NULL),
	('OL3892056A', 'Joël Cornette', NULL, NULL),
	('OL3932160A', 'Dominique Lablanche', NULL, NULL),
	('OL3912774A', 'Emile Desfeux', NULL, NULL),
	('OL70753A', 'Eric-Emmanuel Schmitt', NULL, NULL),
	('OL3956895A', 'Gilles Granouillet', NULL, NULL),
	('OL961305A', 'Alain Surget', 1948, NULL),
	('OL8654137A', 'Brice Teinturier', NULL, NULL),
	('OL8449337A', 'Alexandra Beauvais', NULL, NULL),
	('OL174446A', 'Afif Bahnassi', NULL, NULL),
	('OL331234A', 'Jean-Marie Piemme', NULL, NULL),
	('OL1045429A', 'Josette Lyon', 1912, NULL),
	('OL7520592A', 'Mimi Barthélémy', NULL, NULL),
	('OL6006699A', 'Auguste Maquet', NULL, NULL),
	('OL508544A', 'Marcel Marnat', 1933, NULL),
	('OL1623589A', 'David Lescot', NULL, NULL),
	('OL3892576A', 'Françoise Vibert-Guigue', NULL, NULL),
	('OL8544566A', 'Cécile Ladjali', 1971, NULL),
	('OL8308397A', 'Midam', 1963, NULL),
	('OL7598131A', 'Fabrice Ravier', NULL, NULL),
	('OL1300656A', 'L. Gouguenheim', NULL, NULL),
	('OL8015893A', 'Katherine Quenot', 1958, NULL),
	('OL10218562A', 'Pierre Lieutaghi', 1939, NULL),
	('OL8110275A', 'Anne-Laure Bondoux', 1971, NULL),
	('OL1272538A', 'Bernard Granotier', NULL, NULL),
	('OL2121032A', 'Edmond Michotte', NULL, NULL),
	('OL413294A', 'Brigitte Olivier', NULL, NULL),
	('OL753877A', 'Hervieux', NULL, NULL),
	('OL3112635A', 'José Saramago', 1922, 2010),
	('OL3892971A', 'Thomas Scotto', NULL, NULL),
	('OL6167279A', 'Abd al Malik', 1975, NULL),
	('OL8179931A', 'Sabine Boccador', NULL, NULL),
	('OL7200767A', 'Henri Fabuel', 1960, NULL),
	('OL183907A', 'Philippe Lacoue-Labarthe', NULL, NULL),
	('OL11646630A', 'Emmanuel Faber', 1964, NULL),
	('OL9196978A', 'Sydney Ohana', NULL, NULL),
	('OL4591723A', 'François Boucher', 1703, 1770),
	('OL427673A', 'Christian Laborde', NULL, NULL),
	('OL3143742A', 'André Guigot', NULL, NULL),
	('OL1135597A', 'Béroalde de Verville', 1556, NULL),
	('OL920704A', 'Jean-Dominique Brierre', NULL, NULL),
	('OL5841153A', 'Anne Véga', 1967, NULL),
	('OL22122A', 'Margaret Wise Brown', 1910, 1952),
	('OL7946552A', 'Roger Hargreaves', 1934, 1988),
	('OL3292788A', 'Jacques Rancière', NULL, NULL),
	('OL2660342A', 'Maurice Leblanc', 1864, 1941),
	('OL9118358A', 'Cécile Roumiguière', NULL, NULL),
	('OL9324587A', 'Catherine Le Troquier', NULL, NULL),
	('OL3972898A', 'Françoise Cohen', NULL, NULL),
	('OL54968A', 'Josy Eisenberg', NULL, NULL),
	('OL9881573A', 'Diane Deriaz', 1926, NULL),
	('OL3915410A', 'Christophe Fauré', NULL, NULL),
	('OL57917A', 'Dominique Poirot', NULL, NULL),
	('OL7762611A', 'Yann Darko', NULL, NULL),
	('OL8586804A', 'Rémi de Vos', NULL, NULL),
	('OL185419A', 'Olivier Christin', NULL, NULL),
	('OL290935A', 'Jean-Claude Grumberg', 1939, NULL),
	('OL327071A', 'André Vigarié', NULL, NULL),
	('OL950353A', 'Franz Brandenberg', NULL, NULL),
	('OL1079498A', 'Jean Pierre Corteggiani', NULL, NULL),
	('OL9201825A', 'Jan Needle', 1943, NULL),
	('OL4825233A', 'Robert Sabatier', NULL, NULL),
	('OL301467A', 'Marie Nimier', NULL, NULL),
	('OL9968346A', 'Sylvie Deraime', 1967, NULL),
	('OL3891140A', 'élisa Vergne', NULL, NULL),
	('OL1511319A', 'Michel Galabru', NULL, NULL),
	('OL9133167A', 'Albert Rouet', NULL, NULL),
	('OL8221291A', 'Gérard Mordillat', 1949, NULL),
	('OL504260A', 'Catherine Millet', 1948, NULL),
	('OL7953662A', 'Michel Le Van Quyen', NULL, NULL),
	('OL3144623A', 'Geneviève Noël', NULL, NULL),
	('OL188893A', 'Elisabeth Barillé', NULL, NULL),
	('OL11615906A', 'Marcel Bajard', NULL, NULL),
	('OL333469A', 'George Devereux', 1908, NULL),
	('OL1180348A', 'Benjamin Rabier', 1864, 1939),
	('OL3186701A', 'Faletti Giorgio', 1950, NULL),
	('OL1189026A', 'Thomas Henry', NULL, NULL),
	('OL377377A', 'Charles Malamoud', NULL, NULL),
	('OL5217425A', 'Jules Barbier', NULL, NULL),
	('OL477007A', 'Hervé Bourges', NULL, NULL),
	('OL56135A', 'Daumas', NULL, 1948),
	('OL60352A', 'Jean Racine', 1639, 1699),
	('OL14259112A', 'Mishel Kishkah', NULL, NULL),
	('OL64497A', 'Serge Bellu', NULL, NULL),
	('OL267412A', 'Jacques Henric', NULL, NULL),
	('OL7539242A', 'Tiphaine Rivière', NULL, NULL),
	('OL7173443A', 'Hervé Bourhis', NULL, NULL),
	('OL294825A', 'Katherine Quenot', NULL, NULL),
	('OL7203500A', 'Xavier Fauche', 1946, NULL),
	('OL220275A', 'Marilyn Sachs', NULL, NULL),
	('OL282231A', 'Georges Chaulet', NULL, NULL),
	('OL3972509A', 'Francis Porcel', NULL, NULL),
	('OL217344A', 'Oliver Sacks', 1933, 2015),
	('OL413466A', 'Agostino Paravicini Bagliani', NULL, NULL),
	('OL1138999A', 'Marc Schwob', NULL, NULL),
	('OL1008586A', 'Richard Platt', 1953, NULL),
	('OL3127310A', 'Frédéric Lenoir', NULL, NULL),
	('OL52250A', 'Edwige Feuillère', 1907, NULL),
	('OL3135565A', 'Fabrice Pliskin', NULL, NULL),
	('OL3912809A', 'Christine Sagnier', NULL, NULL),
	('OL11406892A', 'Nob', 1973, NULL),
	('OL183509A', 'Jeanne Bourin', NULL, NULL),
	('OL1102440A', 'Charles Chaumont', NULL, NULL),
	('OL397296A', 'Heather Couper', NULL, NULL),
	('OL1549439A', 'Jenny Marx Longuet', 1844, 1883),
	('OL9107359A', 'Juliette Parachini-Deny', 1969, NULL),
	('OL1267381A', 'Claude Voilier', 1917, 2009),
	('OL3952350A', 'Martin Jamar', NULL, NULL),
	('OL5984756A', 'Jérémie Rousseau', 1973, NULL),
	('OL1097333A', 'Aimé Michel', 1919, NULL),
	('OL18710A', 'Mick Inkpen', NULL, NULL),
	('OL20891A', 'Elie Wiesel', 1928, 2016),
	('OL140684A', 'Jean-Yves Calvez', 1927, 2010),
	('OL641316A', 'Fernand Hallyn', NULL, NULL),
	('OL6938612A', 'Anne-Sophie Silvestre', 1960, NULL),
	('OL3890902A', 'Migou', NULL, NULL),
	('OL9194165A', 'François Ulysse', 1969, NULL),
	('OL8110648A', 'Anne-Marie Pol', NULL, NULL),
	('OL65145A', 'Eugène Delacroix', 1798, 1863),
	('OL201536A', 'Francklin frère.', NULL, NULL),
	('OL196191A', 'Eric Neuhoff', NULL, NULL),
	('OL326077A', 'Jacques Guillet', NULL, NULL),
	('OL3283367A', 'François Boespflug', NULL, NULL),
	('OL280899A', 'Rosine Debray', NULL, NULL),
	('OL6448742A', 'Elisabeth Brémond', NULL, NULL),
	('OL7130121A', 'Isabelle de Gaulmyn', NULL, NULL),
	('OL83493A', 'Didier van Cauwelaert', 1960, NULL),
	('OL494355A', 'Alfred Wahl', NULL, NULL),
	('OL577819A', 'Darius Milhaud', 1892, 1974),
	('OL832231A', 'Marie Aubinais', NULL, NULL),
	('OL10815638A', 'Francesco Pittau', 1956, NULL),
	('OL267641A', 'Nina Bouraoui', 1967, NULL),
	('OL9460971A', 'Jon Stock', NULL, NULL),
	('OL6970674A', 'Jacqueline Cohen', 1943, NULL),
	('OL277008A', 'Jean-Noël Jeanneney', 1942, NULL),
	('OL1300113A', 'Gabriel Domenech', NULL, NULL),
	('OL683700A', 'Michel Dujarier', NULL, NULL),
	('OL8237766A', 'Pef', 1939, NULL),
	('OL3112504A', 'Françoise Dolto', 1908, 1988),
	('OL303229A', 'Simon Claude Mimouni', NULL, NULL),
	('OL2699507A', 'Paul Veyne', 1930, NULL),
	('OL107571A', 'Victor Hugo', 1802, 1885),
	('OL482582A', 'Pierre-François Moreau', 1948, NULL),
	('OL3892577A', 'Agnès Vandewiele', NULL, NULL),
	('OL7460975A', 'Olivier Sillard', NULL, NULL),
	('OL3384377A', 'John Lei', NULL, NULL),
	('OL624360A', 'Pierre Delaveau', 1921, NULL),
	('OL262744A', 'Wolinski.', NULL, NULL),
	('OL887878A', 'Nicolas Ruwet', NULL, NULL),
	('OL1044341A', 'Augustin Berque', 1884, 1946),
	('OL56356A', 'Denis Labayle', 1946, NULL),
	('OL286783A', 'Reiser', NULL, NULL),
	('OL6990477A', 'André Sève', 1913, 2001),
	('OL9047463A', 'Thalie de Molènes', 1931, NULL),
	('OL8308021A', 'Patrick Bauwen', 1968, NULL),
	('OL1427291A', 'Philip Steele', 1948, NULL),
	('OL7391416A', 'Pierre Josse', 1944, NULL),
	('OL8196440A', 'Christian de Montella', 1957, NULL),
	('OL9310682A', 'Zidrou', 1962, NULL),
	('OL6531336A', 'Manuel Jardinaud', NULL, NULL),
	('OL3895150A', 'Patrick Vendamme', NULL, NULL),
	('OL186051A', 'Henri Stierlin', NULL, NULL),
	('OL6426835A', 'Elisabeth Combres', NULL, NULL),
	('OL9420131A', 'Jean-Luc Nancy', NULL, NULL),
	('OL908937A', 'Jacqueline Maillard', NULL, NULL),
	('OL392582A', 'Alain Stella', NULL, NULL),
	('OL6972682A', 'P. Debré', NULL, NULL),
	('OL1437178A', 'Man', 1976, NULL),
	('OL21274A', 'Nancy Huston', 1953, NULL),
	('OL482432A', 'Georges Lochak', NULL, NULL),
	('OL30401A', 'Nicci French', NULL, NULL),
	('OL193094A', 'Yamina Benguigui', NULL, NULL),
	('OL8595226A', 'Christelle Mekdjian', NULL, NULL),
	('OL3121516A', 'Clémentine Autain', NULL, NULL),
	('OL186028A', 'Henri Gougaud', NULL, NULL),
	('OL3979208A', 'Frédérick E. Grasser-Hermé', NULL, NULL),
	('OL434999A', 'Ingrid Galster', NULL, NULL),
	('OL6586876A', 'Thierry Cohen', NULL, NULL),
	('OL1120944A', 'Hans Erich Kubach', 1909, NULL),
	('OL43115A', 'Michel Onfray', 1959, NULL),
	('OL338603A', 'André Miquel', NULL, NULL),
	('OL9129352A', 'Jean-Jacques Greif', 1944, NULL),
	('OL9311504A', 'Anne Pierjean', 1921, NULL),
	('OL267522A', 'Paul Valadier', NULL, NULL),
	('OL10433008A', 'al-Ḥusayn ibn Manṣūr al-Ḥallāğ', NULL, NULL),
	('OL11981709A', 'Dominique Quinio', NULL, NULL),
	('OL55635A', 'Sylvain Auroux', NULL, NULL),
	('OL78435A', 'Matei Vișniec', 1956, NULL),
	('OL86483A', 'Bernard Clavel', 1923, NULL),
	('OL2675174A', 'Antoine De Baecque', NULL, NULL),
	('OL55523A', 'Marcelin Pleynet', 1933, NULL),
	('OL617395A', 'Yves Bottineau', NULL, NULL),
	('OL1659389A', 'Helen Young', 1938, NULL),
	('OL3114129A', 'Vanessa Rubio', NULL, NULL),
	('OL3120511A', 'Gérard Raulet', NULL, NULL),
	('OL7390856A', 'Katherine Pancol', 1954, NULL),
	('OL3141454A', 'Jean-Charles Kraehn', NULL, NULL),
	('OL1156949A', 'Patrick Mioulane', NULL, NULL),
	('OL3893686A', 'Pierre de Laubier', NULL, NULL),
	('OL588711A', 'élisabeth Badinter', 1944, NULL),
	('OL8239423A', 'Dominique Alice Rouyer', NULL, NULL),
	('OL479467A', 'Pierre Ennès', NULL, NULL),
	('OL2053455A', 'Greiner', NULL, 1918),
	('OL9194775A', 'Patrick Bruno', 1938, NULL),
	('OL601092A', 'Gilles Farcet', 1959, NULL),
	('OL3114519A', 'Nadine Beautheac', NULL, NULL),
	('OL3163882A', 'François Avril', NULL, NULL),
	('OL3910878A', 'Domitille Héron', NULL, NULL),
	('OL1048278A', 'Gilles Verlant', 1957, NULL),
	('OL773593A', 'Michel Odent', 1930, NULL),
	('OL9199056A', 'Philippe Legendre', 1947, NULL),
	('OL6790816A', 'Anne Zazzo', NULL, NULL),
	('OL218841A', 'Jacqueline Mitton', NULL, NULL),
	('OL35524A', 'Robert Lawrence Stine', 1943, NULL),
	('OL9356119A', 'Elizabeth Laird', NULL, NULL),
	('OL8237708A', 'émilie Beaumont', 1948, NULL),
	('OL47999A', 'Jean Boissonnat', NULL, NULL),
	('OL8110286A', 'Michel Laporte', 1950, NULL),
	('OL333476A', 'Jean-Pierre Dozon', 1948, NULL),
	('OL19295A', 'Christian Delacampagne', 1949, NULL),
	('OL7403733A', 'Brigitte Heller-Arfouille  re', 1956, NULL),
	('OL579866A', 'François Truffaut', 1932, 1984),
	('OL8015961A', 'Pierre Josse', 1944, NULL),
	('OL5435603A', 'Jean Thiellay', NULL, NULL),
	('OL80426A', 'Ramón J. Sender', 1901, 1982),
	('OL1102509A', 'Henri Teissier Du Cros', NULL, NULL),
	('OL964244A', 'Alain Dupas', NULL, NULL),
	('OL3952313A', 'Nicolas Ryser', NULL, NULL),
	('OL7958188A', 'Michel Honaker', NULL, NULL),
	('OL8455616A', 'Jean-François Breuiller', NULL, NULL),
	('OL336247A', 'Paul Dreyfus', 1923, NULL),
	('OL52874A', 'Michel Maffesoli', NULL, NULL),
	('OL640474A', 'Bruno Frappat', NULL, NULL),
	('OL2690941A', 'Georges Sadoul', 1904, 1967),
	('OL6971959A', 'Marie-Hélène Delval', 1944, NULL),
	('OL505707A', 'Jacques Soulillou', NULL, NULL),
	('OL726118A', 'Renate Kozikowski', NULL, NULL),
	('OL3246458A', 'Maurice Meuleau', NULL, NULL),
	('OL187493A', 'Pierre Fresnault-Deruelle', NULL, NULL),
	('OL11778457A', 'éric Lefebvre', 1975, NULL),
	('OL3957457A', 'Béatrice Viterbo', NULL, NULL),
	('OL8291589A', 'Miek Dorrestein', 1931, NULL),
	('OL5095232A', 'Jonathan London', NULL, NULL),
	('OL247142A', 'Barbara Seuling', NULL, NULL),
	('OL371339A', 'Isolde Heyne', 1931, 2009),
	('OL401847A', 'Leslie Forbes', NULL, NULL),
	('OL47556A', 'Alain Bonfand', NULL, NULL),
	('OL2865272A', 'David Cobbold', NULL, NULL),
	('OL6994320A', 'Alain Surget', NULL, NULL),
	('OL477890A', 'Eugène Labiche', 1815, 1888),
	('OL7532901A', 'Virginie Aladjidi', 1971, NULL),
	('OL9369546A', 'Marie-Thérèse Haudebourg', NULL, NULL),
	('OL2669536A', 'Paul Ricœur', 1913, 2005),
	('OL7543669A', 'Philippe Jalbert', 1971, NULL),
	('OL336424A', 'Claude Tresmontant', NULL, NULL),
	('OL7740882A', 'Frédérique Deghelt', NULL, NULL),
	('OL9088830A', 'Christelle Chatel', 1973, NULL),
	('OL267659A', 'Christophe Dejours', NULL, NULL),
	('OL962907A', 'Jacques Verroust', NULL, NULL),
	('OL5558159A', 'Nicolas de Hirsching', NULL, NULL),
	('OL9140240A', 'Antonin Louchard', 1954, NULL),
	('OL32548A', 'Nancy Springer', 1948, NULL),
	('OL52676A', 'Pierre Rouillard', NULL, NULL),
	('OL6586170A', 'Roland Barthélemy', NULL, NULL),
	('OL3891213A', 'Thierry Brouard', NULL, NULL),
	('OL1041339A', 'Ginette Mathiot', 1907, NULL),
	('OL4932175A', 'Amélie Dubouquet', NULL, NULL),
	('OL9495308A', 'Emmanuel Daniel', NULL, NULL),
	('OL1101185A', 'Winfried Becker', 1941, NULL),
	('OL3214954A', 'Martine Carlier', NULL, NULL),
	('OL5915428A', 'José Costa', NULL, NULL),
	('OL376370A', 'Alexandra David-Néel', 1868, 1969),
	('OL3637514A', 'Philippe Jeammet', NULL, NULL),
	('OL349442A', 'Emmanuelle Cinquin', NULL, NULL),
	('OL7209008A', 'Pierre Boisserie', 1964, NULL),
	('OL7574135A', 'Alain Brézault', 1944, NULL),
	('OL47473A', 'Serge Latouche', 1940, NULL),
	('OL144501A', 'Jean François Six', NULL, NULL),
	('OL9134863A', 'Jean-Marie Leduc', 1948, NULL),
	('OL5040228A', 'Philippe Ariès', 1914, 1984),
	('OL8251724A', 'Jérôme Jacobs', 1961, NULL),
	('OL4986036A', 'Virginie Lou', 1954, NULL),
	('OL44387A', 'François Bluche', NULL, NULL),
	('OL201416A', 'Jacques Brosse', 1922, 2008),
	('OL3054279A', 'Claude Delafosse', 1951, NULL),
	('OL3141725A', 'Michèle Bilimoff', NULL, NULL),
	('OL474385A', 'Louis-Martin Tard', NULL, NULL),
	('OL9134609A', 'Jean-François Bordier', NULL, NULL),
	('OL86382A', 'Michel Honaker', 1958, NULL),
	('OL199118A', 'Jacqueline Balcells', NULL, NULL),
	('OL7908320A', 'Tine Luk Meganck', NULL, NULL),
	('OL63466A', 'Rémi Brague', 1947, NULL),
	('OL9372444A', 'JeanPierre Cartier', NULL, NULL),
	('OL8313320A', 'émilie Gillet', NULL, NULL),
	('OL421339A', 'Alain Croix', NULL, NULL),
	('OL32699A', 'David McKee', 1935, 2022),
	('OL634320A', 'Cizia Zykë', NULL, NULL),
	('OL192777A', 'Jean-Michel Rey', 1942, NULL),
	('OL441818A', 'Geneviève Fraisse', 1948, NULL),
	('OL1140981A', 'Marcel Kreusch', NULL, NULL),
	('OL9088939A', 'Tortel', NULL, NULL),
	('OL468811A', 'Simon Dufour', NULL, NULL),
	('OL199248A', 'Orlan.', NULL, NULL),
	('OL278807A', 'Olympia Alberti', NULL, NULL),
	('OL8015208A', 'Jack Beaumont', 1949, NULL),
	('OL1275796A', 'Joost Swarte', 1947, NULL),
	('OL7209036A', 'Frantz Duchazeau', 1971, NULL),
	('OL865823A', 'Bernard Planche', NULL, NULL),
	('OL8450097A', 'Renée Roth-Hano', NULL, NULL),
	('OL45168A', 'Claude Duneton', 1935, NULL),
	('OL382436A', 'Karma Lingpa', 1326, NULL),
	('OL1028398A', 'Alain Boucheron', NULL, NULL),
	('OL67126A', 'Erik L''Homme', NULL, NULL),
	('OL255180A', 'Jean Marie Albertini', NULL, NULL),
	('OL1089583A', 'Jean Muzi', 1948, NULL),
	('OL387994A', 'Deri Robins', NULL, NULL),
	('OL8892093A', 'Valérie Klein', NULL, NULL),
	('OL277363A', 'Antoine Compagnon', 1950, NULL),
	('OL9914550A', 'Romuald Giulivo', 1973, NULL),
	('OL350379A', 'Benjamin Legrand', NULL, NULL),
	('OL368776A', 'Alain Duault', NULL, NULL),
	('OL4252978A', 'Nicola Braghieri', NULL, NULL),
	('OL1514589A', 'Annie Pietri', NULL, NULL),
	('OL202530A', 'Pierre Assouline', NULL, NULL),
	('OL638188A', 'Charles Rizk', NULL, NULL),
	('OL8798871A', 'Hugues Serraf', NULL, NULL),
	('OL9104245A', 'Michel Amelin', 1955, NULL),
	('OL8110801A', 'Catherine Dolto-Tolitch', 1946, NULL),
	('OL8892094A', 'Baptiste Buob', 1975, NULL),
	('OL7211720A', 'Stephen Desberg', 1954, NULL),
	('OL10652152A', 'Elinor J.. Pinczes', NULL, NULL),
	('OL5599980A', 'Isabelle Fremont', NULL, NULL),
	('OL925940A', 'Catherine Atkinson', 1961, NULL),
	('OL6550402A', 'Sonia Lucano', NULL, NULL),
	('OL756672A', 'Abdelmalek Sayad', NULL, NULL),
	('OL1027255A', 'Pierre Gagnaire', 1950, NULL),
	('OL683766A', 'Jean-Michel Charlier', 1924, 1989),
	('OL2722951A', 'Nadia', NULL, NULL),
	('OL8443594A', 'Anne-Marie Chapouton', 1939, NULL),
	('OL6460467A', 'Jérôme Cler', NULL, NULL),
	('OL2957608A', 'Atlas', NULL, NULL),
	('OL2820593A', 'Eric Puchner', NULL, NULL),
	('OL6942238A', 'Jacques Bonnaure', NULL, NULL),
	('OL1130622A', 'Pierre Casamayor', NULL, NULL),
	('OL1513507A', 'David Taylor', NULL, NULL),
	('OL3912863A', 'Christophe Savouré', NULL, NULL),
	('OL3135478A', 'Gérard Leleu', NULL, NULL),
	('OL9288974A', 'Guy Jimenes', 1954, NULL),
	('OL493653A', 'Michel Charles', NULL, NULL),
	('OL6460404A', 'Rachida Chich', NULL, NULL),
	('OL184853A', 'Robert Badinter', 1928, NULL),
	('OL197416A', 'Giuseppe Penone', NULL, NULL),
	('OL504865A', 'Alfred Pacquement', NULL, NULL),
	('OL27695A', 'Agatha Christie', 1890, 1976),
	('OL3892265A', 'Franck Krebs', NULL, NULL),
	('OL626408A', 'Michel Poletti', NULL, NULL),
	('OL10650152A', 'Marie-Claude Terrié', NULL, NULL),
	('OL1580837A', 'Jeanne Favret-Saada', 1934, NULL),
	('OL4423605A', 'Colin Hawkins', 1945, NULL),
	('OL3789185A', 'Catherine Baillaud', NULL, NULL),
	('OL1549878A', 'Odile Nouvel', NULL, NULL),
	('OL9133900A', 'Alain Vircondelet', 1947, NULL),
	('OL1410647A', 'Jean-Pierre Durand', NULL, NULL),
	('OL11521160A', 'Cartooning for Peace', NULL, NULL),
	('OL6342000A', 'Jean Piat', NULL, NULL),
	('OL3891561A', 'Gaëlle Alban', NULL, NULL),
	('OL4905943A', 'Nikolaj Frobenius', NULL, NULL),
	('OL262506A', 'M. A. Guillaume', NULL, NULL),
	('OL468224A', 'Sarah Frydman', NULL, NULL),
	('OL282080A', 'Jean Beaufret', NULL, NULL),
	('OL1071498A', 'Michèle Thiriet', NULL, NULL),
	('OL934457A', 'Albert Uderzo', 1927, 2020),
	('OL812439A', 'Toulat', NULL, 1915),
	('OL636712A', 'Philippe Gloaguen', NULL, NULL),
	('OL455402A', 'Jacques Vauclair', NULL, NULL),
	('OL7017931A', 'Astrid Desbordes', NULL, NULL),
	('OL5428082A', 'Luis Zuazua', NULL, NULL),
	('OL7203757A', 'Joe l. Parnotte', NULL, NULL),
	('OL5043393A', 'Johan Theorin', 1963, NULL),
	('OL6420934A', 'André Devèche', NULL, NULL),
	('OL3895188A', 'Béatrice Veillon', NULL, NULL),
	('OL1639565A', 'Marc Oraison', NULL, NULL),
	('OL182918A', 'Babette Cole', 1949, 2017),
	('OL7215044A', 'Catherine Moreau', 1973, NULL),
	('OL6610589A', 'Axel Vervoordt', 1947, NULL),
	('OL10433079A', 'Annick de Souzenelle', NULL, NULL),
	('OL3933638A', 'Monique Hion', NULL, NULL),
	('OL6716745A', 'Serge Hefez', NULL, NULL),
	('OL3114507A', 'Raphael Masson', NULL, NULL),
	('OL5039382A', 'Michel Meslin', NULL, NULL),
	('OL5025111A', 'Maria Sframeli', NULL, NULL),
	('OL839278A', 'Jim Robins', NULL, NULL),
	('OL3194165A', 'Jean Leturgie', NULL, NULL),
	('OL9134717A', 'Frédéric Mazeaud', NULL, NULL),
	('OL7203499A', 'Jean Le turgie', 1947, NULL),
	('OL3337994A', 'Marie Enderlen-Debuisson', NULL, NULL),
	('OL78077A', 'Denis Moreau', NULL, NULL),
	('OL1075108A', 'Anna Boschetti', NULL, NULL),
	('OL10433842A', 'Adam Blade', 1980, NULL),
	('OL3148570A', 'Arnaud Sperat-Czar', NULL, NULL),
	('OL1069173A', 'Claire Schumacher', NULL, NULL),
	('OL3114132A', 'Peter Kindersley', NULL, NULL),
	('OL55401A', 'Moebius', 1938, 2012),
	('OL2488200A', 'Jean-Pierre Salgas', NULL, NULL),
	('OL950057A', 'David Chacko', NULL, NULL),
	('OL10432605A', 'Jack Manini', 1960, NULL),
	('OL6584111A', 'Odile Weulersse', 1938, NULL),
	('OL146315A', 'Michel Beaud', NULL, NULL),
	('OL34779A', 'Antoine de Baecque', NULL, NULL),
	('OL9136440A', 'Bonnie Bryant', NULL, NULL),
	('OL3915296A', 'Henry Méchoulan', NULL, NULL),
	('OL61569A', 'Macha Makeieff', NULL, NULL),
	('OL228063A', 'Béatrice Fontanel', 1957, NULL),
	('OL29464A', 'Djebar', NULL, 1936),
	('OL1628013A', 'Germaine Cosiva', NULL, NULL),
	('OL13998661A', 'Sebastian Vincent Grevsmühl', NULL, NULL),
	('OL9199667A', 'Sandra Lebrun', 1972, NULL),
	('OL9089947A', 'Nicolas Jaillet', 1971, NULL),
	('OL9883451A', 'Fabienne Laffont', NULL, NULL),
	('OL365449A', 'Jean-Yves Grenier', NULL, NULL),
	('OL4821276A', 'Henri Noguères', NULL, NULL),
	('OL783456A', 'Gilles Brochard', NULL, NULL),
	('OL5081272A', 'Philippe Nemo', NULL, NULL),
	('OL2686970A', 'Jim Davis', 1945, NULL),
	('OL340646A', 'Diane de Margerie', NULL, NULL),
	('OL3040196A', 'Sarah Gibb', NULL, NULL),
	('OL3895484A', 'Julie Delfour', NULL, NULL),
	('OL9330518A', 'Guillaume Lescable', NULL, NULL),
	('OL1793511A', 'Numa Sadoul', 1947, NULL),
	('OL73478A', 'Henry Bauchau', NULL, NULL),
	('OL53259A', 'Annick de Souzenelle', NULL, NULL),
	('OL50869A', 'Marc-Alain Ouaknin', NULL, NULL),
	('OL8112615A', 'Sabine van Sprang', NULL, NULL),
	('OL184593A', 'Jean-Pierre Cometti', NULL, NULL),
	('OL66635A', 'Michel Dansel', NULL, NULL),
	('OL345839A', 'Pierre Boncenne', NULL, NULL),
	('OL606678A', 'Daley', NULL, NULL),
	('OL333993A', 'Francis Curtet', NULL, NULL),
	('OL7556590A', 'Christelle Magrez', NULL, NULL),
	('OL51089A', 'Carole Fréchette', 1949, NULL),
	('OL9096235A', 'Marsu productions', NULL, NULL),
	('OL7390308A', 'Laurence Du Tilly', NULL, NULL),
	('OL3148580A', 'Roland Barthelemy', NULL, NULL),
	('OL9137744A', 'Danièle Bour', 1939, NULL),
	('OL5631779A', 'Pierre-Henri de Menthon', NULL, NULL),
	('OL5895626A', 'Christophe Rousset', NULL, NULL),
	('OL282799A', 'Guillaume Le Blanc', NULL, NULL),
	('OL501676A', 'Françoise Gaspard', NULL, NULL),
	('OL3112820A', 'Thierry Melchior', NULL, NULL),
	('OL9198666A', 'Claude Carré', 1956, NULL),
	('OL273236A', 'Albert Algoud', 1950, NULL),
	('OL346410A', 'Pierre Josse', NULL, NULL),
	('OL7207862A', 'Marie-Claude Burel', NULL, NULL),
	('OL901208A', 'Pierre Willemart', NULL, NULL),
	('OL3239774A', 'Nathalie Bélineau', NULL, NULL),
	('OL19606A', 'Ann Cameron', 1943, NULL),
	('OL10355614A', 'TODD MAC EWEN', NULL, NULL),
	('OL3112622A', 'Bedarida', NULL, NULL),
	('OL78175A', 'Bernard Simiot', NULL, NULL),
	('OL9084608A', 'N. M. Zimmermann', NULL, NULL),
	('OL3128213A', 'Jean-François Parot', NULL, NULL),
	('OL3319848A', 'Gérard Baal', NULL, NULL),
	('OL76531A', 'Anne-Marie Thiesse', NULL, NULL),
	('OL3170942A', 'Rosemary Sutcliff', 1920, 1992),
	('OL3127526A', 'Claude de Frayssinet', NULL, NULL),
	('OL1435421A', 'Kjell Eriksson', 1953, NULL),
	('OL803183A', 'Michel Hanniet', 1941, NULL),
	('OL1789458A', 'Jacques Gabalda', NULL, NULL),
	('OL9200035A', 'Nadeem Aslam', 1966, NULL),
	('OL5264690A', 'C. André', NULL, NULL),
	('OL9198684A', 'Annie Pietri', 1956, NULL),
	('OL479712A', 'Gaston Duchet-Suchaux', NULL, NULL),
	('OL2622995A', 'Russell Banks', 1940, NULL),
	('OL10510124A', 'Cormier', NULL, NULL),
	('OL327908A', 'Olivier-René Veillon', NULL, NULL),
	('OL74744A', 'Georges Banu', NULL, NULL),
	('OL10824235A', 'Jijé Joseph Gillain ; pseud', 1914, 1980),
	('OL5703347A', 'Association des conservateurs des antiquités et objets d''art de France. Colloque', NULL, NULL),
	('OL8790067A', 'Anne Hélène Hoog', NULL, NULL),
	('OL9134792A', 'Joseph Kanon', 1946, NULL),
	('OL1259096A', 'Colloque international pluridisciplinaire sur le rôle de l''esprit en science (1st 1983 Fès', NULL, NULL),
	('OL273490A', 'Charles Zorgbibe', NULL, NULL),
	('OL68190A', 'Geneviève Dreyfus-Armand', NULL, NULL),
	('OL925992A', 'Y. Alec Le Vernoy', NULL, NULL),
	('OL668329A', 'Nathan Wachtel', NULL, NULL),
	('OL9885367A', 'Brigitte Lallement-Deruelle', NULL, NULL),
	('OL9097217A', 'élisabeth Morris', NULL, NULL),
	('OL196360A', 'Georges Perec', 1936, 1982),
	('OL9307974A', 'Centres d''entraînement aux méthodes d''éducation active ...', NULL, NULL),
	('OL276781A', 'Robert Westall', 1929, NULL),
	('OL281644A', 'Franz-Olivier Giesbert', 1949, NULL),
	('OL201563A', 'Patrick Mosconi', NULL, NULL),
	('OL279674A', 'Thierry Jonquet', NULL, NULL),
	('OL13513034A', 'Gilbert Achcar', NULL, NULL),
	('OL281507A', 'Alain Veinstein', NULL, NULL),
	('OL1503645A', 'Pierre-Alban Thomas', NULL, NULL),
	('OL286312A', 'Luis Sepúlveda', 1949, 2020),
	('OL7581184A', 'Christian Denayer', 1945, NULL),
	('OL1877638A', 'Odette Aimée Grandjean', NULL, NULL),
	('OL42246A', 'Mireille Delmas-Marty', NULL, NULL),
	('OL316821A', 'Adrien Jean Baptiste François Bourgogne', 1785, 1867),
	('OL197736A', 'Didier Decoin', 1945, NULL),
	('OL3895355A', 'Sylvain Savoia', 1969, NULL),
	('OL5466141A', 'Michèle Bordeaux', NULL, NULL),
	('OL9203105A', 'Vincent Crouzet', NULL, NULL),
	('OL73626A', 'Michaël Darmon', NULL, NULL),
	('OL1496427A', 'Jan Costin Wagner', 1972, NULL),
	('OL3892096A', 'Hervé Tullet', NULL, NULL),
	('OL1308715A', 'Jean Toussaint Desanti', NULL, NULL),
	('OL3112642A', 'François Bédarida', NULL, NULL),
	('OL197879A', 'Alice Ferney', NULL, NULL),
	('OL194690A', 'Jean Christophe Bailly', NULL, NULL),
	('OL6807254A', 'François Devenne', NULL, NULL),
	('OL8412023A', 'Camille Jourdy', NULL, NULL),
	('OL1159153A', 'Alain Demurger', NULL, NULL),
	('OL2479759A', 'Patrice Leconte', NULL, NULL),
	('OL9227097A', 'Tatsu Nagata', NULL, NULL),
	('OL280906A', 'Laurent Lemire', NULL, NULL),
	('OL251349A', 'Pascal Perrineau', NULL, NULL),
	('OL7418680A', 'Benoît Lucchini', NULL, NULL),
	('OL45364A', 'Henning Mankell', 1948, NULL),
	('OL7666899A', 'Barbara Cassin', NULL, NULL),
	('OL7162578A', 'Hélène Grémillon', NULL, NULL),
	('OL20429A', 'A. M. Homes', NULL, NULL),
	('OL11592914A', 'Deror Burshṭain', NULL, NULL),
	('OL9201867A', 'Jennifer Dalrymple', 1966, NULL),
	('OL4586796A', 'Gabriel García Márquez', 1927, 2014),
	('OL615163A', 'Jacques Marseille', NULL, NULL),
	('OL1731165A', 'Pierre Audibert', NULL, NULL),
	('OL3121210A', 'Régine Deforges', NULL, NULL),
	('OL7201152A', 'Le o dessinateur', NULL, NULL),
	('OL617722A', 'John William Polidori', 1795, 1821),
	('OL511349A', 'Girolamo Ramunni', NULL, NULL),
	('OL148447A', 'Roman Jakobson', 1896, 1982),
	('OL1324243A', 'Yoshimura', NULL, 1927),
	('OL3112942A', 'Gamal Ghitany', NULL, NULL),
	('OL7245521A', 'Andre  Philippus Brink', 1935, NULL),
	('OL184854A', 'Anne Hébert', NULL, NULL),
	('OL430005A', 'Georges Le Guelte', NULL, NULL),
	('OL143061A', 'Jean Raspail', 1925, NULL),
	('OL6513325A', 'Ahmed Bouyerdene', NULL, NULL),
	('OL508744A', 'Nelly Gorce', NULL, NULL),
	('OL66700A', 'Paulo Coelho', 1947, NULL),
	('OL32981A', 'Joyce Carol Oates', 1938, NULL),
	('OL341406A', 'Eduardo Mendoza', 1943, NULL),
	('OL6207708A', 'William Cliff', NULL, NULL),
	('OL6343342A', 'Lauzier.', NULL, NULL),
	('OL7211008A', 'Giroud', 1956, NULL),
	('OL1632559A', 'François Cherrier', NULL, NULL),
	('OL1414161A', 'Troy Blacklaws', NULL, NULL),
	('OL1384742A', 'Monique Jegou', NULL, NULL),
	('OL441591A', 'Ingrid Betancourt', 1961, NULL),
	('OL68515A', 'Bonnie Bryant', NULL, NULL),
	('OL454203A', 'C. B. Christiansen', NULL, NULL),
	('OL3100791A', 'Richard Marazano', NULL, NULL),
	('OL8855712A', 'Jean-Luc Verna', NULL, NULL),
	('OL9367868A', 'Philippe Ségur', 1964, NULL),
	('OL3971330A', 'Claire Brisset', NULL, NULL),
	('OL24478A', 'Philippe Delerm', 1950, NULL),
	('OL10432384A', 'Frédéric Bosc', 1956, NULL),
	('OL71779A', 'Patrick Mauriès', 1952, NULL),
	('OL3911499A', 'évelyne Reberg', NULL, NULL),
	('OL254430A', 'Jean Viard', NULL, NULL),
	('OL7211888A', 'Dieter', 1958, NULL),
	('OL47757A', 'Vivant Denon', 1747, 1825),
	('OL3894053A', 'Pierre Chavot', 1956, NULL),
	('OL9134783A', 'Theo Van Den Boogaard', 1948, NULL),
	('OL6691628A', 'Marie Farré', NULL, NULL),
	('OL770520A', 'Shoshana Felman', NULL, NULL),
	('OL5679976A', 'Guillaume Soro', NULL, NULL),
	('OL184668A', 'Jean Favier', 1932, NULL),
	('OL1250746A', 'Paule Vani', NULL, NULL),
	('OL990931A', 'Martin', NULL, 1938),
	('OL479248A', 'Pascal Krop', NULL, NULL),
	('OL255870A', 'Herbjørg Wassmo', 1942, NULL),
	('OL3912746A', 'Karine-Marie Amiot', NULL, NULL),
	('OL53261A', 'Michel Ragon', 1924, 2020),
	('OL3894859A', 'Bernadette Pécassou-Camebrac', NULL, NULL),
	('OL11615333A', 'Prosperi Buri', NULL, NULL),
	('OL2504469A', 'François-René de Chateaubriand', 1768, 1848),
	('OL2676895A', 'Lynn Beach', NULL, NULL),
	('OL494351A', 'Jacques Tardi', NULL, NULL),
	('OL363150A', 'Emmanuel Terray', NULL, NULL),
	('OL418428A', 'Florence Trystram', NULL, NULL),
	('OL338737A', 'David Zane Mairowitz', 1943, NULL),
	('OL1419995A', 'Alain Frachon', NULL, NULL),
	('OL264495A', 'Philo Bregstein', 1932, NULL),
	('OL596960A', 'Jean-Noël Blanc', 1945, NULL),
	('OL3127271A', 'Jérôme Duhamel', NULL, NULL),
	('OL3916339A', 'Etienne Tassin', NULL, NULL),
	('OL3202837A', 'Camilla Läckberg', 1974, NULL),
	('OL952319A', 'Tchicaya U Tam''si', 1931, NULL),
	('OL9201044A', 'Eric Dars', NULL, NULL),
	('OL1394901A', 'Jonathan Safran Foer', 1977, NULL),
	('OL352213A', 'Lou Andreas-Salomé', 1861, 1937),
	('OL189180A', 'Philippe Moreau Defarges', NULL, NULL),
	('OL1843173A', 'Bernadette Garreta', NULL, NULL),
	('OL267827A', 'Bruno Tertrais', 1962, NULL),
	('OL201677A', 'Pierre Lepape', NULL, NULL),
	('OL7468622A', 'Heather Nuhfer', NULL, NULL),
	('OL50733A', 'Cavanna.', NULL, NULL),
	('OL7577034A', 'Elisabeth Roudinesco', 1944, NULL),
	('OL4754662A', 'Louis Dumont', NULL, NULL),
	('OL248278A', '川端康成', 1899, 1972),
	('OL3879647A', 'Robert Eiller', NULL, NULL),
	('OL3939455A', 'Buche', 1965, NULL),
	('OL281541A', 'Patrick Raynal', NULL, NULL),
	('OL260070A', 'François Mitterrand', 1916, NULL),
	('OL143623A', 'Jean Raymond Tournoux', NULL, NULL),
	('OL90195A', 'Michel Winock', NULL, NULL),
	('OL278228A', 'Jean-Marcel Humbert', 1947, NULL),
	('OL270614A', 'Pierre Birnbaum', NULL, NULL),
	('OL261262A', 'Roger Faligot', NULL, NULL),
	('OL7426035A', 'Diane Pearson', NULL, NULL),
	('OL2827682A', 'Imre Kertész', 1929, 2016),
	('OL791565A', 'Claire Andrieu', 1952, NULL),
	('OL86829A', 'Germaine Tillion', NULL, NULL),
	('OL6201029A', 'Georges Duby', 1919, 1996),
	('OL73715A', 'François Cheng', 1929, NULL),
	('OL8671894A', 'Linda Aïnouche', 1974, NULL),
	('OL751527A', 'Germaine Finifter', NULL, NULL),
	('OL128382A', 'Edouard Vuillard', 1868, 1940),
	('OL8586738A', 'Laure Godineau', NULL, NULL),
	('OL42805A', 'Françoise Sagan', 1935, 2004),
	('OL60496A', 'Patrick Modiano', 1945, NULL),
	('OL131739A', 'Jacques Prevel', NULL, NULL),
	('OL861353A', 'Blanchet', NULL, 1954),
	('OL28634A', 'Salvador Dalí', 1904, 1989),
	('OL537218A', 'René Girard', 1923, 2015),
	('OL14004615A', 'Pauline Bureau', NULL, NULL),
	('OL234684A', 'Thom Jones', NULL, NULL),
	('OL262297A', 'Christian Guillet', NULL, NULL),
	('OL5744614A', 'Céline Lafontaine', 1970, NULL),
	('OL7111891A', 'Cabu', NULL, NULL),
	('OL347596A', 'Christian Amalvi', NULL, NULL),
	('OL75829A', 'Antoine Adam', NULL, NULL),
	('OL6769140A', 'Alain de Greef', NULL, NULL),
	('OL5231052A', 'Hélène Grimaud', 1969, NULL),
	('OL890687A', 'Pierre Marie Beaude', 1941, NULL),
	('OL302071A', 'Claude Aubert', 1944, NULL),
	('OL4917060A', 'éric Mézil', NULL, NULL),
	('OL336312A', 'Roger Peyrefitte', 1907, 2000),
	('OL199733A', 'Claude Pujade-Renaud', NULL, NULL),
	('OL301452A', 'Jacques Testart', NULL, NULL),
	('OL736746A', 'Alain Rouquié', NULL, NULL),
	('OL5890348A', 'Marc Cholodenko', NULL, NULL),
	('OL1208560A', 'Jean-François Barrielle', NULL, NULL),
	('OL10715911A', 'André Miquel', 1929, NULL),
	('OL1835085A', 'Max Cabanes', 1947, NULL),
	('OL274756A', 'Hubert Nyssen', NULL, NULL),
	('OL129096A', 'Paul Verlaine', 1844, 1896),
	('OL779494A', 'Danielle Michel-Chich', NULL, NULL),
	('OL1310999A', 'Nikolaos Platōn', 1909, NULL),
	('OL1663663A', 'Jeanne Rusca', NULL, NULL),
	('OL354857A', 'Wanda Bannour', NULL, NULL),
	('OL3869843A', 'Gerard Ejnes', NULL, NULL),
	('OL64579A', 'Jean Claude Milner', NULL, NULL),
	('OL3154806A', 'Walter Mosley', 1952, NULL),
	('OL6420442A', 'Bible. N. T. Apocryphes. Français.', NULL, NULL),
	('OL1516622A', 'Shan Sa', 1972, NULL),
	('OL5746175A', 'Didier Francfort', NULL, NULL),
	('OL3112703A', 'Sandrine Treiner', NULL, NULL),
	('OL6763743A', 'Anne Brochet', 1966, NULL),
	('OL368777A', 'Laurent Versini', NULL, NULL),
	('OL625996A', 'Catherine Chaine', NULL, NULL),
	('OL90436A', 'Henri Vincenot', NULL, NULL),
	('OL3114364A', 'Brigitte Govignon', NULL, NULL),
	('OL39300A', 'Porter', NULL, 1953),
	('OL2799508A', 'Claude Mossé', 1924, NULL),
	('OL336102A', 'Philippe de Saint Robert', 1934, NULL),
	('OL7145325A', 'Tadashi Agi', 1962, NULL),
	('OL10145307A', 'Lisa Mandel', 1977, NULL),
	('OL1334440A', 'Jean Claude Colli', 1933, NULL),
	('OL267434A', 'Claire Lalouette', NULL, NULL),
	('OL77639A', 'Christine Orban', NULL, NULL),
	('OL31220A', 'Delia Ephron', NULL, NULL),
	('OL791654A', 'Enea Henri Balmas', NULL, NULL),
	('OL5912759A', 'Philippe Chabro', NULL, NULL),
	('OL127510A', 'Blaise Pascal', 1623, 1662),
	('OL1426228A', 'Hicks', NULL, 1951),
	('OL1034216A', 'Paul Graziani', NULL, NULL),
	('OL1151019A', 'Stéphane Michaud', 1944, NULL),
	('OL365540A', 'Odile Barski', 1946, NULL),
	('OL2821171A', 'Robert Crumb', NULL, NULL),
	('OL431668A', 'Karoline Postel-Vinay', NULL, NULL),
	('OL71674A', 'Pascale Roze', NULL, NULL),
	('OL66988A', 'Gabriel Janer Manila', NULL, NULL),
	('OL2082075A', 'Marc Meunier-Thouret', NULL, NULL),
	('OL436995A', 'Jean-Louis Chiffot', NULL, NULL),
	('OL9195174A', 'Guillaume Prévost', 1964, NULL),
	('OL9197999A', 'Alexis de Rougé', 1961, NULL),
	('OL64565A', 'Alain Rustenholz', 1948, NULL),
	('OL962092A', 'Lionel Stoleru', NULL, NULL),
	('OL31079A', 'Jean de La Fontaine', 1621, 1695),
	('OL188459A', 'Jean Charles-Dominé', NULL, NULL),
	('OL9339964A', 'Frédéric Saldmann', 1953, NULL),
	('OL143188A', 'Michel Debré', 1912, NULL),
	('OL437805A', 'Tierno Monénembo', 1947, NULL),
	('OL139218A', 'Léon Poliakov', 1910, NULL),
	('OL66632A', 'Nicole Loraux', NULL, NULL),
	('OL3894913A', 'Jean-Michel Cohen', NULL, NULL),
	('OL3968243A', 'Gérard Pierrat', NULL, NULL),
	('OL89809A', 'Théodore Monod', 1902, NULL),
	('OL26758A', 'Tahar Ben Jelloun', 1944, NULL),
	('OL7213758A', 'Patan jali philosophe', NULL, NULL),
	('OL28952A', 'Sebastian Faulks', 1953, NULL),
	('OL131201A', 'Schwartz', NULL, NULL),
	('OL3141196A', 'Régine Detambel', NULL, NULL),
	('OL2630137A', 'Julien Green', 1900, 1998),
	('OL6411934A', 'Albin Michel', NULL, NULL),
	('OL1401607A', '桐野 夏生', 1951, NULL),
	('OL754765A', 'Marcel Gotlib', NULL, NULL),
	('OL3120902A', 'F''Murr', NULL, NULL),
	('OL8573400A', 'Pietro Citati', NULL, NULL),
	('OL11498081A', 'Anne Jouffroy', NULL, NULL),
	('OL9117729A', 'Collectif', NULL, NULL),
	('OL5017992A', 'Daniel Elouard', NULL, NULL),
	('OL515112A', 'Michel Albert', 1957, NULL),
	('OL661109A', 'Elisabeth Parinet', NULL, NULL),
	('OL3065510A', 'Hermann', NULL, NULL),
	('OL3112937A', 'Bertrand Tavernier', NULL, NULL),
	('OL78585A', 'Yvan Audouard', 1914, NULL),
	('OL4829446A', 'Jean-Claude Grumberg', NULL, NULL),
	('OL7301842A', 'Victoria Maderna', NULL, NULL),
	('OL352696A', 'Pierre Dockès', NULL, NULL),
	('OL119715A', 'Colette', 1873, 1954),
	('OL8408963A', 'Emmanuelle Kecir-Lepetit', 1973, NULL),
	('OL9338224A', 'Geneviève Brame', 1953, NULL),
	('OL136546A', 'Alfred de Musset', 1810, 1857),
	('OL49434A', 'Reymond', NULL, NULL),
	('OL46050A', 'Henri Troyat', 1911, 2007),
	('OL3909473A', 'Gérard Couturier', NULL, NULL),
	('OL285910A', 'Marie-Reine de Jaham', NULL, NULL),
	('OL3114803A', 'Paul François', NULL, NULL),
	('OL9289372A', 'Francis Mizio', 1962, NULL),
	('OL56312A', 'Thierry Pech', NULL, NULL),
	('OL39281A', 'Edmond Rostand', 1868, 1918),
	('OL615949A', 'Benoît Damon', NULL, NULL),
	('OL9088790A', 'Sara Gruen', NULL, NULL),
	('OL32772A', 'émile Zola', 1840, 1902),
	('OL1471689A', 'Claude Gudin', NULL, NULL),
	('OL6997479A', 'Macha Méril', 1940, NULL),
	('OL1532225A', 'Catherine Cabrol', NULL, NULL),
	('OL6136342A', 'Assises de la traduction littéraire (16th 1999 Arles', NULL, NULL),
	('OL412343A', 'Patrick Buisson', NULL, NULL),
	('OL6507243A', 'Olivier Assouly', 1967, NULL),
	('OL7202939A', 'Khoa Vink', 1950, NULL),
	('OL6276641A', 'Annie Goetzinger', 1951, NULL),
	('OL43612A', 'Benjamin Stora', 1950, NULL),
	('OL9199860A', 'Kathryn Stockett', 1969, NULL),
	('OL61883A', 'Baptiste-Marrey', 1928, NULL),
	('OL3171066A', 'John von Düffel', NULL, NULL),
	('OL28377A', 'Pierre Rosanvallon', 1948, NULL),
	('OL86000A', 'Vladimir Jankélévitch', NULL, NULL),
	('OL1394601A', 'Joann Sfar', 1971, NULL),
	('OL1529155A', 'Tiffany Tavernier', NULL, NULL),
	('OL1786539A', 'Bruce Lowery', NULL, NULL),
	('OL1234497A', 'George Kish', 1914, NULL),
	('OL21807A', 'William Boyd', 1952, NULL),
	('OL3895325A', 'François Schoeser', NULL, NULL),
	('OL3891257A', 'François Rachline', NULL, NULL),
	('OL275872A', 'Pierre Desproges', NULL, NULL),
	('OL139604A', 'Pierre Merle', NULL, NULL),
	('OL65148A', 'David Bergen', 1957, NULL),
	('OL545360A', 'Etel Adnan', NULL, NULL),
	('OL4993122A', 'Henry Bauchau', 1913, NULL),
	('OL295826A', 'Heraclitus of Ephesus', NULL, NULL),
	('OL7576381A', 'Eric Corbeyran', 1964, NULL),
	('OL265412A', 'Patrick Beurard-Valdoye', NULL, NULL),
	('OL75580A', 'Gilbert Sinoué', 1947, NULL),
	('OL7609602A', 'Dobbs', 1972, NULL),
	('OL439452A', 'François Rivière', 1949, NULL),
	('OL184824A', 'Giovanni Lista', NULL, NULL),
	('OL301570A', 'Michele Giuttari', 1950, NULL),
	('OL44399A', 'Hortense Dufour', NULL, NULL),
	('OL4371624A', 'Antonine Maillet', NULL, NULL),
	('OL56418A', 'Bernard Violet', 1949, NULL),
	('OL7202439A', 'Corbeyran', 1964, NULL),
	('OL10435439A', 'Nelly Moriquand', 1949, NULL),
	('OL712624A', 'David Bellos', NULL, NULL),
	('OL75470A', 'Andrée Chedid', 1920, 2011),
	('OL353717A', 'Brigitte Peskine', NULL, NULL),
	('OL198510A', 'Alain Frèrejean', NULL, NULL),
	('OL283106A', 'Nadine Diamant', NULL, NULL),
	('OL2718692A', 'Mainak Dhar', NULL, NULL),
	('OL601061A', 'Marie-Aude Murail', 1954, NULL),
	('OL5743928A', 'Joseph Von Sonnleithner', NULL, NULL),
	('OL748252A', 'Mathieu', NULL, 1921),
	('OL3915893A', 'Daniel Vigoulette', NULL, NULL),
	('OL510881A', 'Gerda Muller', NULL, NULL),
	('OL7204305A', 'Monsieur B.', 1966, NULL),
	('OL3128137A', 'Jean-Christian Petitfils', 1944, NULL),
	('OL11464414A', 'Maḥmūd Darwīsh', NULL, NULL),
	('OL11479353A', 'Virginie Michel', NULL, NULL),
	('OL56708A', 'Bernard Brigouleix', NULL, NULL),
	('OL756769A', 'Thierry Groensteen', NULL, NULL),
	('OL86211A', 'Lucien Clergue', NULL, NULL),
	('OL71716A', 'Ágota Kristóf', 1935, 2011),
	('OL53833A', 'Elizabeth B. Rodger', NULL, NULL),
	('OL11655147A', 'Julien Péluchon', NULL, NULL),
	('OL2477980A', 'Brigitte Smadja', NULL, NULL),
	('OL5237757A', 'Driss Chraïbi', NULL, NULL),
	('OL4923559A', 'Jean Muzi', NULL, NULL),
	('OL272269A', 'Catherine Guigon', NULL, NULL),
	('OL7758002A', 'Percy Kemp', NULL, NULL),
	('OL1500179A', 'Claude Lucas de Leyssac', NULL, NULL),
	('OL2660391A', 'Georges Simenon', 1903, 1989),
	('OL6582676A', 'Véronique Bizot', NULL, NULL),
	('OL3125727A', 'Seth Grahame-Smith', NULL, NULL),
	('OL500861A', 'Josua Giustiniani', NULL, NULL),
	('OL197820A', 'François Billard', 1948, NULL),
	('OL281096A', 'Eugen Cizek', 1932, NULL),
	('OL10356342A', 'Lucie Milledrogues', NULL, NULL),
	('OL8591973A', 'Lucie Pierrat-Pajot', NULL, NULL),
	('OL10715910A', 'Hamdane Hadjadji', NULL, NULL),
	('OL1354881A', 'Fernand Méry', NULL, NULL),
	('OL19731A', 'Richard Matheson', 1926, 2013),
	('OL2101074A', 'John le Carré', 1931, 2020),
	('OL491881A', 'Gilbert Guillaume', 1930, NULL),
	('OL11564735A', 'Mathias Dreyfuss', 1980, NULL),
	('OL3890464A', 'Frédéric Delouche', NULL, NULL),
	('OL5371575A', 'Wen Zhu', 1967, NULL),
	('OL369823A', 'Jean-Michel Riou', NULL, NULL),
	('OL4322208A', 'Henry Corbin', NULL, 1978),
	('OL337682A', 'Olivier Wieviorka', 1960, NULL),
	('OL202517A', 'Olivier Chaline', NULL, NULL),
	('OL6618761A', 'Michel Manière', 1948, NULL),
	('OL367352A', 'Sia Figiel', 1967, NULL),
	('OL3936723A', 'Stéphane Giocanti', NULL, NULL),
	('OL136296A', 'Yves Bonnefoy', 1923, 2016),
	('OL251585A', 'Jean Montaldo', NULL, NULL),
	('OL70550A', 'Ollivier', NULL, 1940),
	('OL6495986A', 'David Sanson', NULL, NULL),
	('OL78591A', 'Patrick Cauvin', 1932, 2010),
	('OL8798844A', 'Bruno Léandri', 1951, NULL),
	('OL13283634A', 'Sami Sahli', NULL, NULL),
	('OL9173950A', 'Joël Pommerat', NULL, NULL),
	('OL164319A', 'Paul Féval', 1817, 1887),
	('OL467796A', 'Jean Chapelot', NULL, NULL),
	('OL53558A', 'Anne Bragance', NULL, NULL),
	('OL27709A', 'Doris Lessing', 1919, 2013),
	('OL202988A', 'Jacqueline Cristofol', NULL, NULL),
	('OL605035A', 'Jacob', NULL, 1955),
	('OL47756A', 'Robert Turcan', NULL, NULL),
	('OL3112621A', 'Azema', NULL, NULL),
	('OL12064285A', 'Fabien Delrieu', NULL, NULL),
	('OL27260A', 'Tzvetan Todorov', 1939, 2017),
	('OL505950A', 'Michel Lelong', NULL, NULL),
	('OL65162A', 'Xavier Grall', NULL, NULL),
	('OL790143A', 'Pierre Antonetti', NULL, NULL),
	('OL116102A', 'G. Contenau', 1877, NULL),
	('OL42779A', 'Philippe de Villiers', NULL, NULL),
	('OL2764601A', 'Jean-Pierre Azéma', NULL, NULL),
	('OL7898286A', 'Patrick Chamoiseau', NULL, NULL),
	('OL19981A', 'Stephen King', 1947, NULL),
	('OL33242A', 'J. M. Coetzee', 1940, NULL),
	('OL238598A', 'Bernard Cerquiglini', NULL, NULL),
	('OL8250565A', 'Thierry Jonquet', 1954, 2009),
	('OL3112349A', 'Bernard Jenner', NULL, NULL),
	('OL196469A', 'Jacques Chaban-Delmas', 1915, NULL),
	('OL10496639A', 'Luc Turlan', NULL, NULL),
	('OL8623812A', 'Hugues Barthe', NULL, NULL),
	('OL260904A', 'Robert Etienne', NULL, NULL),
	('OL276365A', 'Michael Freund', NULL, NULL),
	('OL11649086A', 'Stéphanie Des Horts', NULL, NULL),
	('OL202411A', 'Yves Lemoine', NULL, NULL),
	('OL30928A', 'Alberto Manguel', 1948, NULL),
	('OL530390A', 'Jane Johnson', 1951, NULL),
	('OL3957056A', 'Sorour Kasmaï', 1962, NULL),
	('OL29282A', 'Louise Rennison', 1951, 2016),
	('OL78112A', 'Philippe Bouvard', NULL, NULL),
	('OL9366979A', 'Aude Picault', 1979, NULL),
	('OL267478A', 'André Bercoff', 1940, NULL),
	('OL443953A', 'Donna Leon', 1942, NULL),
	('OL9269457A', 'Rafi Toumayan', NULL, NULL),
	('OL597014A', 'Michel Blondonnet', NULL, NULL),
	('OL282431A', 'Jean-Pierre Rioux', 1939, NULL),
	('OL3957069A', 'Cathy Ribeiro', NULL, NULL),
	('OL80172A', 'Jan Guillou', 1944, NULL),
	('OL3967064A', 'Christine Levisse-Touzé', NULL, NULL),
	('OL1992995A', 'Michel Labrousse', NULL, NULL),
	('OL124171A', 'Albert Camus', 1913, 1960),
	('OL327991A', 'Béatrice Leroy', 1943, NULL),
	('OL3135557A', 'Françoise Morvan', NULL, NULL),
	('OL7461005A', 'William Reymond', NULL, NULL),
	('OL5799716A', 'Marie-Pierre de Cossé Brissac', NULL, NULL),
	('OL514191A', 'Anatoliĭ Marchenko', 1938, 1986),
	('OL1098658A', 'Jacques Aldebert', NULL, NULL),
	('OL394410A', 'Siri Hustvedt', 1955, NULL),
	('OL505396A', 'Michèle Cotta', NULL, NULL),
	('OL9194799A', 'Marc Bruyninx', NULL, NULL),
	('OL6227162A', 'Magyd Cherfi', NULL, NULL),
	('OL7533259A', 'Paul Beaupère', NULL, NULL),
	('OL6232700A', 'Renaud Dély', NULL, NULL),
	('OL8309521A', 'Paolo Volponi', NULL, NULL),
	('OL3336921A', 'Hélène Renard', NULL, NULL),
	('OL11564734A', 'Karima Dirèche', NULL, NULL),
	('OL267419A', 'Bernard Pivot', NULL, NULL),
	('OL1560656A', 'Gerhard Heller', 1909, NULL),
	('OL3114413A', 'Marianne Paquin', NULL, NULL),
	('OL58984A', 'Rose-Marie Pagnard', 1943, NULL),
	('OL1507367A', 'Benoît Denis', NULL, NULL),
	('OL473837A', 'Benoist-Méchin', 1901, 1983),
	('OL3112443A', 'François Bluche', NULL, NULL),
	('OL1731087A', 'Jean Claude E. Weil', NULL, NULL),
	('OL59464A', 'Christian Goudineau', NULL, NULL),
	('OL740623A', 'Jacqueline Dana', NULL, NULL),
	('OL230855A', 'Mary S. Lovell', NULL, NULL),
	('OL9200835A', 'Carine Tardieu', NULL, NULL),
	('OL266873A', 'Tony Cartano', 1944, NULL),
	('OL1392576A', 'Cecelia Ahern', 1981, NULL),
	('OL131973A', 'Alphonse de Châteaubriant', 1877, 1951),
	('OL3258806A', 'Jean-François Sirinelli', NULL, NULL),
	('OL1662480A', 'Paul Henry Plantain', NULL, NULL),
	('OL961636A', 'Michel', NULL, 1907),
	('OL9215132A', 'étienne Grieu', 1962, NULL),
	('OL7040959A', 'Philippe Amiel', NULL, NULL),
	('OL3933680A', 'Christophe Lefébure', NULL, NULL),
	('OL6486334A', 'Miguel Albero', 1967, NULL),
	('OL471766A', 'Jean-Claude Valin', NULL, NULL),
	('OL633076A', 'Christophe Canto', NULL, NULL),
	('OL7188205A', 'Jacob Grimm', 1785, 1863),
	('OL624345A', 'Reverzy', NULL, 1914),
	('OL1556240A', 'Solange Deyon', NULL, NULL),
	('OL8271601A', 'Lois H. Gresh', 1956, NULL),
	('OL1616191A', 'Vincent Jauvert', NULL, NULL),
	('OL7614250A', 'Néjib', 1976, NULL),
	('OL4281774A', 'René Grousset', 1885, 1952),
	('OL3965457A', 'Maylis de Kerangal', 1967, NULL),
	('OL419707A', 'Denis Demonpion', NULL, NULL),
	('OL9461715A', 'Jean-Louis Pesch', 1928, NULL),
	('OL11671235A', 'Clément Xavier', 1981, NULL),
	('OL9089258A', 'Claude Lebrun', 1929, NULL),
	('OL3893907A', 'Yves Gaulupeau', NULL, NULL),
	('OL22586A', 'Mary Higgins Clark', 1927, 2020),
	('OL5657096A', 'Muséum national d''histoire naturelle', NULL, NULL),
	('OL73660A', 'Jean Sénac', 1926, 1973),
	('OL2487378A', 'Odile Grand-Clément', NULL, NULL),
	('OL201568A', 'Hippolyte Romain', NULL, NULL),
	('OL39368A', 'Michel de Certeau', NULL, NULL),
	('OL623303A', 'Thierry Séchan', NULL, NULL),
	('OL298823A', 'Laure Adler', NULL, NULL),
	('OL5789760A', 'Anne Tristan', NULL, NULL),
	('OL359704A', 'Jean-Yves Tadié', 1936, NULL),
	('OL7315130A', 'Jean-Claude Bartoll', NULL, NULL),
	('OL9098594A', 'Georges-Jean Arnaud', 1928, NULL),
	('OL5131931A', 'Sébastien Japrisot', 1931, 2003),
	('OL273118A', 'Irène Frain', 1950, NULL),
	('OL1581966A', 'Alain Royer', NULL, NULL),
	('OL86197A', 'Edgar Morin', 1921, NULL),
	('OL10343982A', 'Cecil Bodker', 1927, NULL),
	('OL189611A', 'Alain Thomasset', NULL, NULL),
	('OL42558A', 'Claude Fléouter', NULL, NULL),
	('OL502803A', 'Gibert', NULL, 1936),
	('OL9198576A', 'Jean-Pierre Foucault', 1949, NULL),
	('OL9125136A', 'Nadia Berkane', 1973, NULL),
	('OL381465A', 'Margaret Davidson', 1936, NULL),
	('OL8406728A', 'Yves Bulteau', 1955, NULL),
	('OL284141A', 'Gaetano Donizetti', 1797, 1848),
	('OL330978A', 'Edward Shorter', NULL, NULL),
	('OL49530A', 'André Lebeau', NULL, NULL),
	('OL3113259A', 'Marc de Launay', NULL, NULL),
	('OL6463418A', 'Paris', NULL, NULL),
	('OL1553410A', 'Gérard Bauer', 1934, NULL),
	('OL25930A', 'Charles Perrault', 1628, 1703),
	('OL10220818A', 'Valérie Laporte-Volatier', 1965, NULL),
	('OL9356450A', 'Jérôme Pernoud', 1954, NULL),
	('OL3162113A', 'Philippe Nessmann', NULL, NULL),
	('OL9195634A', 'Vincent Bourgeau', 1967, NULL),
	('OL89802A', 'Jean Victor Hocquard', 1910, NULL),
	('OL201960A', 'Alain Roger', 1936, NULL),
	('OL399896A', 'Jane Cumberbatch', NULL, NULL),
	('OL287106A', 'Victor Malka', NULL, NULL),
	('OL6158179A', 'Véronique Guillaud', NULL, NULL),
	('OL7462092A', 'Nancy Huston', NULL, NULL),
	('OL1027537A', 'Joffre Dumazedier', NULL, NULL),
	('OL384934A', 'Serge-Christophe Kolm', NULL, NULL),
	('OL353381A', 'Arlette Farge', NULL, NULL),
	('OL8838440A', 'Cécile Auzolle', NULL, NULL),
	('OL634777A', 'Bernard Wallet', NULL, NULL),
	('OL10495555A', 'Corinne Tremendi', NULL, NULL),
	('OL7460854A', 'COLLECTIF', NULL, NULL),
	('OL962849A', 'Raymond Humbert', NULL, NULL),
	('OL9936223A', 'élodie Maurot', 1975, NULL),
	('OL3891189A', 'Dominique Brotot', NULL, NULL),
	('OL4288712A', 'Bernard Godard', 1950, NULL),
	('OL3965431A', 'Jéromine Savignon', NULL, NULL),
	('OL5512090A', 'Denis Boulard', NULL, NULL),
	('OL9089171A', 'François Place', 1957, NULL),
	('OL9366840A', 'Ingrid Kötter', 1934, NULL),
	('OL5493055A', 'Laetitia Le Guay', NULL, NULL),
	('OL2925576A', 'Bashir M. Dervish', NULL, NULL),
	('OL390687A', 'Pierre Clastres', 1934, NULL),
	('OL90227A', 'Florence Lelong', NULL, NULL),
	('OL7520586A', 'Guillaume Arnaud', NULL, NULL),
	('OL351991A', 'Yehudi Menuhin', 1916, 1999),
	('OL3910705A', 'Frédéric Manns', NULL, NULL),
	('OL8026186A', 'Isabelle Villaud', NULL, NULL),
	('OL6589248A', 'C. Merlin', NULL, NULL),
	('OL5692862A', 'Thomas Lavachery', NULL, NULL),
	('OL9141148A', 'Françoise Grard', 1957, NULL),
	('OL476712A', 'Michel Falise', NULL, NULL),
	('OL5656915A', 'Michel Crépu', NULL, NULL),
	('OL603304A', 'Stella Baruk', NULL, NULL),
	('OL3961128A', 'Stéphane Rosa', NULL, NULL),
	('OL192771A', 'Jean-Claude Monod', NULL, NULL),
	('OL8335969A', 'Arielle Rosin', NULL, NULL),
	('OL1311875A', 'Alain Duhamel', 1940, NULL),
	('OL611544A', 'Francisco Palacio Espasa', NULL, NULL),
	('OL6424335A', 'Pippo Delbono', NULL, NULL),
	('OL415005A', 'Philippe Borgeaud', NULL, NULL),
	('OL503336A', 'Yves Bichet', NULL, NULL),
	('OL3915694A', 'Pascal Desjours', NULL, NULL),
	('OL75525A', 'Rémy Stricker', NULL, NULL),
	('OL9134626A', 'Bénédicte Boudassou', NULL, NULL),
	('OL10431606A', 'Patrick Pasques', NULL, NULL),
	('OL61573A', 'Hermann Buhl', 1924, 1957),
	('OL3891974A', 'Marie-Paule Dousset', NULL, NULL),
	('OL9127633A', 'Caroline Desages', NULL, NULL),
	('OL5891767A', 'Irina Subotić', NULL, NULL),
	('OL640273A', 'Catherine Chevillot', NULL, NULL),
	('OL6501944A', 'Sophie Dufau', NULL, NULL),
	('OL8382959A', 'Aa Vv.', NULL, NULL),
	('OL7549953A', 'Mary Mapes Dodge', NULL, NULL),
	('OL1301073A', 'André Guillot', 1907, NULL),
	('OL505769A', 'Bernard Pascuito', NULL, NULL),
	('OL739147A', 'Janine Bailly-Herzberg', NULL, NULL),
	('OL13854886A', 'Azeddine Sedrati', NULL, NULL),
	('OL1299371A', 'Evelyne Dreyfus', NULL, NULL),
	('OL85404A', 'Roger Chartier', 1945, NULL),
	('OL9139549A', 'Aurélia Bollé', NULL, NULL),
	('OL8892472A', 'Bénédicte Vidaillet', NULL, NULL),
	('OL6421099A', 'Corine Goldberger', NULL, NULL),
	('OL482353A', 'Paul Poupard', NULL, NULL),
	('OL270589A', 'Jean-Edern Hallier', NULL, NULL),
	('OL339741A', 'Michel Henry', 1922, 2002),
	('OL9966514A', 'émilie Perrin', NULL, NULL),
	('OL10712242A', 'Emmanuelle Levasseur', NULL, NULL),
	('OL490593A', 'Karine Saporta', NULL, NULL),
	('OL287586A', 'Ariane Chebel d''Appollonia', NULL, NULL),
	('OL8118616A', 'Charlotte Grossetête', NULL, NULL),
	('OL3444805A', 'Sally', NULL, NULL),
	('OL2645171A', 'Roland Barthes', 1915, 1980),
	('OL505071A', 'Flora Tristan', 1803, 1844),
	('OL9707029A', 'Isabelle Jonveaux', NULL, NULL),
	('OL361040A', 'Catherine Laroze', NULL, NULL),
	('OL681305A', 'Robert Boulanger', 1926, NULL),
	('OL140900A', 'Roger Arnaldez', NULL, NULL),
	('OL742816A', 'Roger Frison-Roche', 1906, 1999),
	('OL3113653A', 'André Miquel', NULL, NULL),
	('OL6835078A', 'Peterson''s (Firm : 2006- )', NULL, NULL),
	('OL360801A', 'Anne Sauvagnargues', NULL, NULL),
	('OL1795325A', 'Anne Mathis', 1948, NULL),
	('OL13420027A', 'Philippe Forissier', NULL, NULL),
	('OL70764A', 'Christine Bard', NULL, NULL),
	('OL9198503A', 'érik Poulet-Reney', 1959, NULL),
	('OL477435A', 'Clotilde Boisvert', NULL, NULL),
	('OL590935A', 'Charlotte Stowell', NULL, NULL),
	('OL6944426A', 'Bouches-du-Rhône (France). Conseil général. Espace 13', NULL, NULL),
	('OL10219678A', 'Marc Régnier', NULL, NULL),
	('OL19365A', 'Jacqueline Wilson', 1945, NULL),
	('OL3141711A', 'Marie-Thérèse Gousset', NULL, NULL),
	('OL10343749A', 'Jean Taverne', NULL, NULL),
	('OL8465048A', 'Cynthia Voigt', 1942, NULL),
	('OL10818180A', 'Florence Noiville', 1961, NULL),
	('OL1137223A', 'Didier Maupas', NULL, NULL),
	('OL624046A', 'Anny Duperey', NULL, NULL),
	('OL29053A', 'Anthony Horowitz', 1955, NULL),
	('OL10719921A', 'Luc Foisneau', 1963, NULL),
	('OL269107A', 'Institut du monde arabe (France)', NULL, NULL),
	('OL1874528A', 'Faucher', NULL, 1898),
	('OL1016578A', 'Mark Evanier', 1952, NULL),
	('OL982435A', 'Jean-Marc de Foville', NULL, NULL),
	('OL555284A', 'Serena Sutcliffe', NULL, NULL),
	('OL217292A', 'Margery Facklam', NULL, NULL),
	('OL558745A', 'Marie Duru-Bellat', NULL, NULL),
	('OL2678311A', 'Joseph Ratzinger', 1927, 2022),
	('OL716700A', 'Francine Pascal', 1938, 2024),
	('OL8239098A', 'Béatrice Bottet', 1950, NULL),
	('OL783796A', 'Frank Tenaille', NULL, NULL),
	('OL3890619A', 'A. Chevalier', NULL, NULL),
	('OL55888A', 'Daniel Pennac', 1944, NULL),
	('OL237890A', 'Yve Alain Bois', NULL, NULL),
	('OL434433A', 'Michel Hannoun', NULL, NULL),
	('OL6970485A', 'Bertrand Fichou', 1962, NULL),
	('OL9197959A', 'Richard Beugné', 1955, NULL),
	('OL476228A', 'Robert Pourvoyeur', 1924, NULL),
	('OL257451A', 'Paul Fournel', 1947, NULL),
	('OL7096193A', 'Clémentine Deroudille', NULL, NULL),
	('OL9108095A', 'Martin Waddell', NULL, NULL),
	('OL4893409A', 'André Roussin', 1911, NULL),
	('OL1398053A', 'Phoebe Beinstein', NULL, NULL),
	('OL503957A', 'Bertrand Solet', NULL, NULL),
	('OL1127106A', 'Reiner Schürmann', 1941, 1993),
	('OL9311409A', 'Christine Sagnier', 1964, NULL),
	('OL1626605A', 'Christian Victor', NULL, NULL),
	('OL5632031A', 'Sylvie Rébuttini', NULL, NULL),
	('OL202322A', 'Lacoste', NULL, NULL),
	('OL195938A', 'Jean Mesqui', NULL, NULL),
	('OL9130034A', 'Jean-Paul Nozière', 1943, NULL),
	('OL9134962A', 'Pascale Hédelin', 1961, NULL),
	('OL298962A', 'Serge Gut', NULL, NULL),
	('OL4289953A', 'J. F. Mathey', NULL, NULL),
	('OL242572A', 'Julie Johnston', NULL, NULL),
	('OL1450845A', 'Christophe Lambert', 1969, NULL),
	('OL413397A', 'Laurent Gervereau', NULL, NULL),
	('OL9090486A', 'Bertrand Ferrier', 1977, NULL),
	('OL433697A', 'Olivier Vermont', NULL, NULL),
	('OL9141281A', 'Marc Aumont', NULL, NULL),
	('OL1775137A', 'Catherine Delorme', NULL, NULL),
	('OL3967362A', 'Elle à table (Périodique)', NULL, NULL),
	('OL7559385A', 'Encyclopædia Universalis (Firm)', NULL, NULL),
	('OL5845771A', 'Christophe Mirambeau', NULL, NULL),
	('OL737049A', 'Louis Evely', 1910, NULL),
	('OL7562474A', 'Jacques Salomé', 1935, NULL),
	('OL396041A', 'Rogers', NULL, 1950),
	('OL61141A', 'Antoon Krings', NULL, NULL),
	('OL1848001A', 'Jacqueline Khayat', NULL, NULL),
	('OL491870A', 'Yves La Prairie', NULL, NULL),
	('OL201562A', 'Jean-Paul Caracalla', NULL, NULL),
	('OL7410854A', 'Victor Dixen', NULL, NULL),
	('OL585797A', 'Jo Hoestlandt', NULL, NULL),
	('OL871829A', 'Irina Drozd', 1954, NULL),
	('OL10650132A', 'Simon Rogerson', 1970, NULL),
	('OL42914A', 'Denis Tillinac', NULL, NULL),
	('OL1662372A', 'Laura Nosmas', NULL, NULL),
	('OL927278A', 'Maurice Fleurent', NULL, NULL),
	('OL10818190A', 'Sylvie Hooghe', NULL, NULL),
	('OL5098632A', 'Roger Tavernier', NULL, NULL),
	('OL249608A', 'Lucien Deiss', NULL, NULL),
	('OL6591368A', 'Fabrice Colin', 1972, NULL),
	('OL411947A', 'Jean-Pierre Vernant', 1914, 2007),
	('OL7428242A', 'Michel Guay', NULL, NULL),
	('OL494102A', 'Jean Marie Leduc', NULL, NULL),
	('OL6412866A', 'Pierre-André Liégé', NULL, NULL),
	('OL1629649A', 'Béatrice de Goutel', NULL, NULL),
	('OL8444196A', 'Nadine Brun-Cosme', 1960, NULL),
	('OL904308A', 'Hans Hellmut Hofstätter', 1928, NULL),
	('OL3891297A', 'Jean-Noël von der Weid', NULL, NULL),
	('OL431292A', 'Tony Ross', 1938, NULL),
	('OL2480190A', 'Armand Herscovici', NULL, NULL),
	('OL8289770A', 'Laurence Ottenheimer-Maquet', NULL, NULL),
	('OL37024A', 'John Marsden', 1950, NULL),
	('OL8455564A', 'Olivier Christinat', 1963, NULL),
	('OL665804A', 'Alain Camus', NULL, NULL),
	('OL22058A', 'Joan Lowery Nixon', NULL, NULL),
	('OL3960463A', 'Pierre Pinelli', NULL, NULL),
	('OL9133144A', 'Karin Wegner', NULL, NULL),
	('OL260017A', 'Pierre-Marie Valat', NULL, NULL),
	('OL3895375A', 'Jean Coué', NULL, NULL),
	('OL6723779A', 'Dominique Goux', NULL, NULL),
	('OL7456476A', 'Jean-Claude Mourlevat', 1952, NULL),
	('OL253752A', 'Nicolas Baverez', 1961, NULL),
	('OL70021A', 'Frédéric Lordon', 1962, NULL),
	('OL259661A', 'Henri Dutilleux', 1916, NULL),
	('OL9139025A', 'Confédération française démocratique du travail', NULL, NULL),
	('OL9365995A', 'Julie Andrieu', 1974, NULL),
	('OL134182A', 'Jeanne Parain-Vial', NULL, NULL),
	('OL192863A', 'Marie France Pochna', 1941, NULL),
	('OL9384780A', 'Vincent Albouy', NULL, NULL),
	('OL339967A', 'Fanny Joly', NULL, NULL),
	('OL7974410A', 'Audrey Le Goff', NULL, NULL),
	('OL352353A', 'Thierry de Duve', NULL, NULL),
	('OL1827397A', 'Louis François', 1904, NULL),
	('OL9356451A', 'José Mariá Lavarello', NULL, NULL),
	('OL7420858A', 'Helme Heine', 1941, NULL),
	('OL614799A', 'Antoine de Caunes', NULL, NULL),
	('OL3112617A', 'Bible. N. T. Jean. Français. 1988', NULL, NULL),
	('OL3912690A', 'Muriel Damasio', NULL, NULL),
	('OL23033A', 'Dick King-Smith', 1922, 2011),
	('OL390228A', 'Chester Aaron', NULL, NULL),
	('OL626222A', 'Jean A. Mercier', 1899, NULL),
	('OL911462A', 'Jean-Gabriel Ganascia', NULL, NULL),
	('OL9359367A', 'Stéphane Bern', 1964, NULL),
	('OL9088595A', 'Michel Manière', NULL, NULL),
	('OL8026445A', 'Darcey Bussell', 1969, NULL),
	('OL8239456A', 'Roger-Pol Droit', 1949, NULL),
	('OL86840A', 'Erik Bullot', 1963, NULL),
	('OL480001A', 'Renoir', NULL, 1894),
	('OL2980579A', 'Masashi Kishimoto', 1974, NULL),
	('OL680354A', 'Daniel Banda', NULL, NULL),
	('OL426898A', 'Nayla Farouki', NULL, NULL),
	('OL1290243A', 'Claude Frégnac', NULL, NULL),
	('OL1298665A', 'Marcel Jacno', NULL, NULL),
	('OL474837A', 'Jean Matricon', NULL, NULL),
	('OL609901A', 'Alain Dister', NULL, NULL),
	('OL9129662A', 'Anne Didier', 1969, NULL),
	('OL3112466A', 'Gudule', NULL, NULL),
	('OL9366713A', 'Colette d'' Orgeval', NULL, NULL),
	('OL9135032A', 'Alain Quesnel', NULL, NULL),
	('OL961204A', 'Jacques Leblanc', NULL, NULL),
	('OL1674833A', 'Céline Vence', NULL, NULL),
	('OL57934A', 'Albert Rouet', 1936, NULL),
	('OL7533275A', 'Jean-François Martin', 1967, NULL),
	('OL11958523A', 'Charles Dullin', NULL, NULL),
	('OL9202745A', 'Alan Temperley', NULL, NULL),
	('OL75696A', 'Marcel Aymé', 1902, 1967),
	('OL9360919A', 'Michelle Daufresne', 1928, NULL),
	('OL3157325A', 'Marc Moreau', NULL, NULL),
	('OL471637A', 'Michel Guérin', NULL, NULL),
	('OL10219625A', 'Sacha Poliakova', 1977, NULL),
	('OL9366732A', 'Ponty', NULL, NULL),
	('OL1322209A', 'Philippe Triboit', NULL, NULL),
	('OL10145371A', 'Schlingo', NULL, NULL),
	('OL1101091A', 'Marc de Smedt', 1946, NULL),
	('OL494425A', 'Christian Soleil', NULL, NULL),
	('OL107569A', 'Dale Carnegie', 1888, 1955),
	('OL8326048A', 'Gérard Hubert-Richou', 1948, NULL),
	('OL490967A', 'François Chalais', 1919, NULL),
	('OL3916181A', 'Xavier Bied-Charreton', NULL, NULL),
	('OL6834030A', 'Hieronymus Bosch', NULL, 1516),
	('OL8017010A', 'évelyne Reberg', 1939, NULL),
	('OL53227A', 'Benoît Duteurtre', 1960, NULL),
	('OL5543792A', 'Sarah de Haro', NULL, NULL),
	('OL223843A', 'Irene Morck', NULL, NULL),
	('OL8271830A', 'Laurence Lefèvre', 1951, NULL),
	('OL4878748A', 'C. W. Nicol', 1940, NULL),
	('OL585546A', 'Alfred Hitchcock', 1899, 1980),
	('OL144403A', 'Louis-Frédéric Nussbaum', 1923, 1996),
	('OL9141497A', 'Musée en herbe (Paris)', NULL, NULL),
	('OL11907949A', 'Patrick Allard', NULL, NULL),
	('OL252810A', 'André Paul', 1933, NULL),
	('OL6982731A', 'Alexis Tadié', 1963, NULL),
	('OL185893A', 'Antoine Sfeir', NULL, NULL),
	('OL60269A', 'Nadine Fresco', NULL, NULL),
	('OL9130268A', 'Aristote', NULL, NULL),
	('OL9339968A', 'Bruno Muscat', NULL, NULL),
	('OL9307232A', 'Jim Henson company', NULL, NULL),
	('OL265635A', 'Hassan Jouad', NULL, NULL),
	('OL9094907A', 'Florence Bellot', 1962, NULL),
	('OL3112497A', 'Minouche Pastier', NULL, NULL),
	('OL3916166A', 'Bruno Muscat', NULL, NULL),
	('OL10834267A', 'André Bouchard', 1958, NULL),
	('OL8465122A', 'Christian Grenier', 1945, NULL),
	('OL2657871A', 'Regis Debray', NULL, NULL),
	('OL7080775A', 'Fabrice d'' Almeida', NULL, NULL),
	('OL998530A', 'Henri Meilhac', 1831, 1897),
	('OL137454A', 'Nilsson', NULL, 1922),
	('OL75632A', 'Philippe Beaussant', NULL, NULL),
	('OL326033A', 'Michel Hubaut', NULL, NULL),
	('OL617157A', 'Maxime Lamotte', NULL, NULL),
	('OL2480085A', 'Yves Defrance', NULL, NULL),
	('OL257400A', 'Bruno Tackels', NULL, NULL),
	('OL1313654A', 'Jacques Klein', 1915, NULL),
	('OL3915753A', 'Emmanuelle Rigon', NULL, NULL),
	('OL1672236A', 'Patrick d'' Elme', NULL, NULL),
	('OL26657A', 'Nick Sharratt', NULL, NULL),
	('OL1132574A', 'Jean François Chaix', NULL, NULL),
	('OL7599856A', 'Paul Durand-Ruel', 1831, 1922),
	('OL10432388A', 'Henri Beauchamps', NULL, NULL),
	('OL92946A', 'David Cody Weiss', NULL, NULL),
	('OL153527A', 'Fernand Deligny', NULL, NULL),
	('OL1102901A', 'Jean-Loup Bertaux', 1942, NULL),
	('OL8160031A', 'Sandra Piesik', NULL, NULL),
	('OL9129731A', 'Colin', NULL, 1972),
	('OL3112616A', 'Xavier Léon-Dufour', 1912, NULL),
	('OL4294484A', 'Ian Livingstone', NULL, NULL),
	('OL1672883A', 'Marjorie Alessandrini', NULL, NULL),
	('OL51957A', 'Martel', NULL, 1930),
	('OL9135822A', 'Philippe Mérel', NULL, NULL),
	('OL505844A', 'Philippe Paraire', NULL, NULL),
	('OL14246824A', 'Sacha Huston', NULL, NULL),
	('OL9094981A', 'Isabelle Bochot', 1956, NULL),
	('OL2480361A', 'Valérie Igounet', 1970, NULL),
	('OL1137838A', 'Bernard Gorsky', NULL, NULL),
	('OL284316A', 'Christian Ghasarian', NULL, NULL),
	('OL9309384A', 'Dimitri Delmas', 1979, NULL),
	('OL419383A', 'Jacques Séguéla', 1934, NULL),
	('OL19461A', 'Gilles Eduar', NULL, NULL),
	('OL192677A', 'Antoine Vitez', NULL, NULL),
	('OL260512A', 'Jean Des Cars', NULL, NULL),
	('OL32231A', 'Claude Lefort', 1924, 2010),
	('OL192727A', 'Jean-François Gautier', 1950, NULL),
	('OL1530103A', 'Philippe Haddad', NULL, NULL),
	('OL8670217A', 'José Moure', NULL, NULL),
	('OL50149A', 'Normand Chaurette', 1954, NULL),
	('OL181615A', 'Irma Krauss', 1949, NULL),
	('OL70457A', 'Dominique Wolton', NULL, NULL),
	('OL508792A', 'Danièle Lavallée', NULL, NULL),
	('OL6243169A', 'Philip Curtis', NULL, NULL),
	('OL5851725A', 'Changeux. Jean-Pierre.', NULL, NULL),
	('OL6915733A', 'Michel Leydier', 1957, NULL),
	('OL1376983A', 'Jacques Cassabois', NULL, NULL),
	('OL9310336A', 'Dodo', 1955, NULL),
	('OL2696971A', 'Jacques Le Goff', 1924, NULL),
	('OL493622A', 'Gabriel Langouet', NULL, NULL),
	('OL1206802A', 'Denis', NULL, 1921),
	('OL6420922A', 'Jean-Paul Montagner', NULL, NULL),
	('OL3895189A', 'Elsa Devernois', NULL, NULL),
	('OL1828314A', 'Xavier Richer', NULL, NULL),
	('OL10601906A', 'Pierrick Hordé', NULL, NULL),
	('OL9350366A', 'Anne Fronsacq', NULL, NULL),
	('OL4752944A', 'Roger Collinson', 1936, NULL),
	('OL369428A', 'Laurent Lesage', NULL, NULL),
	('OL5491326A', 'Benoit de L''Estoile', NULL, NULL),
	('OL9198923A', 'Catherine de Lasa', 1956, NULL),
	('OL325252A', 'Wolfdietrich Schnurre', 1920, 1989),
	('OL400296A', 'Jacques De Caso', NULL, NULL),
	('OL473934A', 'Jacques Hochmann', NULL, NULL),
	('OL9125714A', 'Jean-Philippe Follet', 1960, NULL),
	('OL393239A', 'Carla Bardi', NULL, NULL),
	('OL68299A', 'Hervé Hamon', NULL, NULL),
	('OL3912837A', 'Pasqual Romano', NULL, NULL),
	('OL8449621A', 'Marie Borel', 1969, NULL),
	('OL6410255A', 'Sylvie Mesure', NULL, NULL),
	('OL1774093A', 'Franz Melichar', NULL, NULL),
	('OL226317A', 'Jean Pierre Babelon', NULL, NULL),
	('OL475755A', 'Joseph Danan', 1951, NULL),
	('OL81387A', 'Anne Blanchard', NULL, NULL),
	('OL302020A', 'Alain Cabantous', NULL, NULL),
	('OL18809A', 'Anita Ganeri', 1961, NULL),
	('OL10434910A', 'Claudie Gordon-Pomares', NULL, NULL),
	('OL12088536A', 'Leila Godard', NULL, NULL),
	('OL9198758A', 'Marie Bertherat', 1963, NULL),
	('OL9371861A', 'Claude Clement', NULL, NULL),
	('OL32872A', 'Steven Otfinoski', NULL, NULL),
	('OL788225A', 'Alain-Pierre Zivie', NULL, NULL),
	('OL9136567A', 'Hélène Duparc-Leprisé', NULL, NULL),
	('OL527373A', 'Etty Hillesum', 1914, 1943),
	('OL949416A', 'Min Hogg', NULL, NULL),
	('OL1330457A', 'Hadès', 1931, NULL),
	('OL8464962A', 'Raymonde Charlon', NULL, NULL),
	('OL8006171A', 'Jean-Marie Defossez', 1971, NULL),
	('OL230265A', 'Stephen Woodhams', NULL, NULL),
	('OL3957047A', 'Laurent Gaudé', NULL, NULL),
	('OL126919A', 'Kenneth Clark', 1903, 1983),
	('OL27460A', 'Maryse Condé', 1934, 2024),
	('OL228009A', 'Jon Elster', 1940, NULL),
	('OL10432506A', 'Martine Carlier', NULL, NULL),
	('OL438708A', 'J. L. Bianco', NULL, NULL),
	('OL6925913A', 'Bruno Bettelheim', NULL, NULL),
	('OL965720A', 'Thérèse Castieau', NULL, NULL),
	('OL2928951A', 'Alain Tanner', NULL, NULL),
	('OL6514279A', 'Pierre Clastres', NULL, NULL),
	('OL22315A', 'Kim Ostrow', NULL, NULL),
	('OL4283104A', 'Pierre Huard', 1901, NULL);

insert into LIVRE(isbn, titre,nbpages,datepubli,prix,nomclass,nomedit,img) values
	('9782205054750', 'Les cavernes', 48, 2003, 8.81, 'Arts décoratifs', 'Dargaud', NULL),
	('9782012101425', 'Astérix légionnaire', 48, 2008, 7.85, 'Littérature', 'Asterix-Hachette (Educa Books)', NULL),
	('9782205054996', 'Aberrations', 48, 2005, 29.2, 'Arts décoratifs', 'Dargaud', NULL),
	('9782205062403', 'Le visage de la vengeance', 48, 2009, 5.0, 'Arts décoratifs', 'Dargaud', NULL),
	('9782070577101', 'Le tour du monde en quatre-vingts jours', 348, 2007, 21.7, 'Littérature', 'Gallimard-Jeunesse', NULL),
	('9782205084672', 'L''homme qui tua Chris Kyle', 162, 2020, 15.19, 'Arts décoratifs', 'Dargaud', NULL),
	('9782226175113', 'Vous n''aurez pas le dernier mot!', 232, 2006, 11.9, 'Littérature française', 'Albin Michel', NULL),
	('9782205055252', 'Escale dans le passe', 47, 2005, 11.76, 'Arts décoratifs', 'Dargaud', NULL),
	('9782205064223', 'Au poil', 48, 2010, 12.2, 'Arts décoratifs', 'Dargaud', NULL),
	('9782205062335', 'Les dragons de Pékin', 48, 2009, 6.14, 'Arts décoratifs', 'Dargaud', NULL),
	('9782205058024', 'Tramp', 52, 2007, 10.81, 'Littérature américaine', 'Dargaud', NULL),
	('9782082013901', '10 minutes pour soi', 233, 2005, 11.9, 'Médecine', 'Flammarion', NULL),
	('9782205050691', 'La chute de Babylone', 56, 2003, 23.2, 'Arts décoratifs', 'Dargaud', NULL),
	('9782205064148', 'La chute d''un trader', 56, 2007, 16.9, 'Arts décoratifs', 'Dargaud', NULL),
	('9782215114789', 'La voiture de police de Brice', 12, 2012, 11.9, 'Littérature française', 'Fleurus', NULL),
	('9782215114970', 'Un petit frère, ça sert à quoi?', 20, 2012, 11.9, 'Littérature française', 'Fleurus', NULL),
	('9782226315243', 'Mon amour', 38, 2015, 5.15, 'Littérature française', 'Albin Michel', NULL),
	('9782330036119', 'Caricaturistes', 415, 2014, 28.6, 'Arts décoratifs', 'Actes Sud', NULL),
	('9782723437202', 'Le crâne 2', 47, 2003, 10.1, 'Arts décoratifs', 'Glénat', NULL),
	('9782205054453', 'La nuit de l''Inca', 48, 2004, 17.0, 'Arts décoratifs', 'Dargaud', NULL),
	('9782205066623', 'Le dindon de la farce', 48, 2012, 27.5, 'Arts décoratifs', 'Dargaud', NULL),
	('9782020827201', 'Gourmands de père en fils', 153, 2006, 36.0, 'Maison et vie domestique', 'Seuil', NULL),
	('9782080676719', 'Coco Chanel', 437, 2000, 5.08, 'Arts décoratifs', 'Flammarion', NULL),
	('9782723435383', 'Hariti', 47, 2001, 30.0, 'Arts décoratifs', 'Gle Nat', NULL),
	('9782205067996', 'Le petit livre de la cinquième république', NULL, 2011, 6.08, 'Histoire de l''Europe', 'Dargaud', NULL),
	('9782205034066', 'Le Ranch maudit...', 46, 1986, 4.0, 'Arts décoratifs', 'Dargaud', NULL),
	('9782205077193', 'New York book', 120, 2018, 17.33, 'Arts décoratifs', 'Dargaud', NULL),
	('9782205056822', 'Adieu Calder', 48, 2007, 13.1, 'Arts décoratifs', 'Dargaud', NULL),
	('9782505002529', 'Le premier pas', 64, 2008, 32.0, 'Arts décoratifs', 'Dargaud Be Ne Lux', NULL),
	('9782747017770', 'Mon petit livre du baptême', 16, 2006, 7.9, 'Théologie sociale et ecclésiologie', 'Bayard Jeunesse', NULL),
	('9782010033681', 'Récits et discours par la bande', 253, 1977, 129.65, 'Arts décoratifs', 'Hachette', NULL);

-- les auteurs des livres (uniquement pour les livres existants dans la table LIVRE)
insert into ECRIRE(isbn,idauteur) values
	('9782205054750', 'OL7572575A'),
	('9782012101425', 'OL863535A'),
	('9782012101425', 'OL934457A'),
	('9782205054996', 'OL7212692A'),
	('9782205062403', 'OL7209008A'),
	('9782070577101', 'OL113611A'),
	('9782205084672', 'OL7035172A'),
	('9782226175113', 'OL6342000A'),
	('9782205055252', 'OL7207049A'),
	('9782205064223', 'OL2686970A'),
	('9782205062335', 'OL9134957A'),
	('9782205058024', 'OL3141454A'),
	('9782082013901', 'OL9124746A'),
	('9782205050691', 'OL7581250A'),
	('9782205064148', 'OL7209008A'),
	('9782215114789', 'OL3239774A'),
	('9782215114970', 'OL8689025A'),
	('9782226315243', 'OL7017931A'),
	('9782330036119', 'OL11521160A'),
	('9782723437202', 'OL3048689A'),
	('9782723437202', 'OL3141434A'),
	('9782205054453', 'OL7209036A'),
	('9782205066623', 'OL2686970A'),
	('9782020827201', 'OL926680A'),
	('9782080676719', 'OL272902A'),
	('9782723435383', 'OL3276260A'),
	('9782205067996', 'OL7173443A'),
	('9782205034066', 'OL862023A'),
	('9782205034066', 'OL3194166A'),
	('9782205034066', 'OL692059A'),
	('9782205034066', 'OL3162450A'),
	('9782205034066', 'OL7203499A'),
	('9782205034066', 'OL7203500A'),
	('9782205034066', 'OL3194165A'),
	('9782205077193', 'OL1275796A'),
	('9782205056822', 'OL7200619A'),
	('9782505002529', 'OL1437178A'),
	('9782747017770', 'OL9088944A'),
	('9782010033681', 'OL187493A');

-- les stocks de livres (uniquement pour les livres existants)
insert into POSSEDER(idmag, isbn, qte) values
	(6, '9782010033681', 1),
	(4, '9782012101425', 7),
	(5, '9782020827201', 1),
	(7, '9782070577101', 6),
	(7, '9782082013901', 8),
	(1, '9782205034066', 10),
	(4, '9782205034066', 9),
	(2, '9782205050691', 9),
	(6, '9782205054453', 5),
	(6, '9782205054750', 5),
	(7, '9782205054996', 9),
	(7, '9782205055252', 4),
	(4, '9782205056822', 1),
	(1, '9782205058024', 5),
	(6, '9782205062335', 9),
	(7, '9782205062403', 4),
	(1, '9782205064148', 2),
	(6, '9782205064223', 3),
	(4, '9782205066623', 9),
	(3, '9782205067996', 3),
	(6, '9782205077193', 6),
	(2, '9782205084672', 1),
	(4, '9782215114789', 6),
	(2, '9782215114970', 5),
	(7, '9782226175113', 3),
	(4, '9782226315243', 2),
	(3, '9782330036119', 8),
	(2, '9782505002529', 2),
	(4, '9782723435383', 1),
	(3, '9782723437202', 10),
	(1, '9782747017770', 10);

-- Commandes triées contenant au moins un livre existant
INSERT INTO COMMANDE(numcom, datecom, enligne, livraison, idcli, idmag) VALUES
	(115,str_to_date('17/4/2020','%d/%m/%Y'),'N','M',270,3),
	(161,str_to_date('1/6/2020','%d/%m/%Y'),'O','C',274,7),
	(192,str_to_date('22/6/2020','%d/%m/%Y'),'O','C',253,5),
	(256,str_to_date('27/7/2020','%d/%m/%Y'),'N','M',304,3),
	(384,str_to_date('11/9/2020','%d/%m/%Y'),'N','M',29,4),
	(394,str_to_date('13/9/2020','%d/%m/%Y'),'N','M',347,6),
	(457,str_to_date('28/9/2020','%d/%m/%Y'),'O','C',188,5),
	(534,str_to_date('21/10/2021','%d/%m/%Y'),'O','C',50,6),
	(764,str_to_date('21/12/2021','%d/%m/%Y'),'O','C',336,1),
	(787,str_to_date('27/12/2021','%d/%m/%Y'),'N','M',408,6),
	(828,str_to_date('11/1/2022','%d/%m/%Y'),'O','M',240,2),
	(885,str_to_date('15/2/2022','%d/%m/%Y'),'N','M',154,3),
	(887,str_to_date('17/2/2022','%d/%m/%Y'),'N','M',289,1),
	(944,str_to_date('28/4/2022','%d/%m/%Y'),'N','M',78,4),
	(968,str_to_date('18/5/2022','%d/%m/%Y'),'N','M',124,7),
	(983,str_to_date('1/6/2022','%d/%m/%Y'),'O','C',220,1),
	(1007,str_to_date('13/6/2022','%d/%m/%Y'),'N','M',305,3),
	(1013,str_to_date('18/6/2022','%d/%m/%Y'),'O','C',251,5),
	(1090,str_to_date('29/7/2022','%d/%m/%Y'),'N','M',245,7),
	(1110,str_to_date('5/8/2022','%d/%m/%Y'),'N','M',190,5),
	(1190,str_to_date('5/9/2022','%d/%m/%Y'),'N','M',57,2),
	(1199,str_to_date('7/9/2022','%d/%m/%Y'),'N','M',78,4),
	(1225,str_to_date('12/9/2022','%d/%m/%Y'),'O','C',263,7),
	(1251,str_to_date('18/9/2022','%d/%m/%Y'),'N','M',433,4),
	(1279,str_to_date('23/9/2022','%d/%m/%Y'),'N','M',381,3),
	(1283,str_to_date('24/9/2022','%d/%m/%Y'),'N','M',69,5),
	(1368,str_to_date('14/10/2023','%d/%m/%Y'),'N','M',104,2),
	(1386,str_to_date('20/10/2023','%d/%m/%Y'),'O','C',382,6),
	(1443,str_to_date('6/11/2023','%d/%m/%Y'),'O','C',349,6),
	(1483,str_to_date('16/11/2023','%d/%m/%Y'),'N','M',123,1),
	(1577,str_to_date('8/12/2021','%d/%m/%Y'),'O','C',316,3),
	(1582,str_to_date('9/12/2021','%d/%m/%Y'),'N','M',370,6),
	(1597,str_to_date('12/12/2021','%d/%m/%Y'),'N','M',86,3),
	(1605,str_to_date('13/12/2021','%d/%m/%Y'),'N','M',82,7),
	(1651,str_to_date('24/12/2021','%d/%m/%Y'),'O','C',193,2),
	(1743,str_to_date('16/2/2022','%d/%m/%Y'),'N','M',16,7),
	(1807,str_to_date('5/4/2022','%d/%m/%Y'),'O','C',63,3),
	(1880,str_to_date('2/6/2022','%d/%m/%Y'),'O','C',379,7),
	(1891,str_to_date('8/6/2022','%d/%m/%Y'),'N','M',110,5),
	(1921,str_to_date('26/6/2022','%d/%m/%Y'),'N','M',420,6),
	(1923,str_to_date('28/6/2022','%d/%m/%Y'),'N','M',445,1),
	(1937,str_to_date('4/7/2022','%d/%m/%Y'),'O','C',422,5),
	(1975,str_to_date('17/7/2022','%d/%m/%Y'),'O','C',102,2),
	(2002,str_to_date('31/7/2022','%d/%m/%Y'),'N','M',16,2),
	(2042,str_to_date('13/8/2022','%d/%m/%Y'),'N','M',249,3),
	(2061,str_to_date('21/8/2022','%d/%m/%Y'),'N','M',75,2),
	(2108,str_to_date('5/9/2022','%d/%m/%Y'),'N','M',420,1),
	(2121,str_to_date('7/9/2022','%d/%m/%Y'),'N','M',64,3),
	(2150,str_to_date('12/9/2022','%d/%m/%Y'),'N','M',421,3),
	(2217,str_to_date('24/9/2022','%d/%m/%Y'),'O','C',13,5),
	(2274,str_to_date('7/10/2022','%d/%m/%Y'),'N','M',96,2),
	(2322,str_to_date('19/10/2022','%d/%m/%Y'),'N','M',157,6),
	(2338,str_to_date('23/10/2022','%d/%m/%Y'),'N','M',27,4),
	(2477,str_to_date('25/11/2022','%d/%m/%Y'),'O','C',127,4),
	(2609,str_to_date('22/12/2022','%d/%m/%Y'),'N','M',281,5),
	(2672,str_to_date('8/1/2023','%d/%m/%Y'),'O','M',171,7),
	(2709,str_to_date('30/1/2023','%d/%m/%Y'),'O','C',99,7),
	(2750,str_to_date('4/3/2023','%d/%m/%Y'),'N','M',45,2),
	(2844,str_to_date('6/3/2024','%d/%m/%Y'),'O','C',262,2),
	(2863,str_to_date('23/5/2023','%d/%m/%Y'),'N','M',63,7),
	(2919,str_to_date('24/6/2023','%d/%m/%Y'),'N','M',163,6),
	(2941,str_to_date('6/7/2023','%d/%m/%Y'),'O','C',385,6),
	(3172,str_to_date('12/9/2023','%d/%m/%Y'),'N','M',137,2),
	(3194,str_to_date('16/9/2023','%d/%m/%Y'),'O','C',351,7),
	(3313,str_to_date('6/10/2023','%d/%m/%Y'),'O','C',344,2),
	(3394,str_to_date('27/10/2023','%d/%m/%Y'),'N','M',358,6),
	(3418,str_to_date('1/11/2023','%d/%m/%Y'),'O','C',294,4),
	(3469,str_to_date('15/2/2024','%d/%m/%Y'),'O','C',418,1),
	(3470,str_to_date('15/2/2024','%d/%m/%Y'),'N','M',462,7),
	(3588,str_to_date('4/12/2024','%d/%m/%Y'),'O','C',258,4),
	(3608,str_to_date('8/12/2023','%d/%m/%Y'),'N','M',25,2),
	(3701,str_to_date('1/1/2024','%d/%m/%Y'),'N','M',144,3),
	(3706,str_to_date('1/1/2024','%d/%m/%Y'),'O','C',347,4),
	(3738,str_to_date('31/12/2023','%d/%m/%Y'),'O','C',117,4),
	(3789,str_to_date('26/1/2024','%d/%m/%Y'),'O','C',192,2),
	(3834,str_to_date('18/3/2024','%d/%m/%Y'),'O','C',429,3),
	(3914,str_to_date('17/4/2024','%d/%m/%Y'),'N','M',308,7),
	(3929,str_to_date('28/4/2024','%d/%m/%Y'),'O','M',103,1),
	(3935,str_to_date('29/4/2024','%d/%m/%Y'),'N','M',32,7),
	(3986,str_to_date('6/6/2024','%d/%m/%Y'),'N','M',244,7),
	(4105,str_to_date('24/7/2024','%d/%m/%Y'),'N','M',287,1),
	(4133,str_to_date('2/8/2024','%d/%m/%Y'),'N','M',8,6),
	(4138,str_to_date('3/8/2024','%d/%m/%Y'),'O','C',242,1),
	(4197,str_to_date('23/8/2024','%d/%m/%Y'),'N','M',291,3),
	(4444,str_to_date('4/10/2024','%d/%m/%Y'),'N','M',130,5),
	(4461,str_to_date('6/10/2024','%d/%m/%Y'),'O','C',137,4),
	(4521,str_to_date('20/10/2024','%d/%m/%Y'),'O','C',243,1),
	(4785,str_to_date('9/12/2024','%d/%m/%Y'),'N','M',16,1),
	(4791,str_to_date('10/12/2024','%d/%m/%Y'),'O','C',258,7),
	(4802,str_to_date('12/12/2024','%d/%m/%Y'),'O','C',123,2),
	(4835,str_to_date('17/12/2024','%d/%m/%Y'),'N','M',18,5),
	(5008,str_to_date('11/2/2025','%d/%m/%Y'),'O','C',53,7);

-- Détails des commandes corrigés, triés et filtrés pour les livres existants
INSERT INTO DETAILCOMMANDE(numcom, numlig, qte, prixvente, isbn) VALUES
	(115,1,1,7.85,'9782012101425'),
	(161,1,4,9.0,'9782012101425'),
	(192,1,1,6.08,'9782205067996'),
	(256,2,2,21.7,'9782070577101'),
	(384,1,1,9.0,'9782012101425'),
	(394,1,1,27.5,'9782205066623'),
	(457,1,1,17.0,'9782205054453'),
	(534,1,1,27.5,'9782205066623'),
	(764,1,1,11.9,'9782082013901'),
	(787,1,1,129.65,'9782010033681'),
	(828,1,1,27.5,'9782205066623'),
	(885,1,3,32.0,'9782505002529'),
	(887,1,1,5.15,'9782226315243'),
	(944,1,1,9.0,'9782012101425'),
	(968,4,1,11.9,'9782215114970'),
	(983,1,1,10.1,'9782723437202'),
	(1007,1,2,6.08,'9782205067996'),
	(1013,1,1,11.76,'9782205055252'),
	(1090,1,1,23.2,'9782205050691'),
	(1110,1,1,129.65,'9782010033681'),
	(1190,2,1,8.81,'9782205054750'),
	(1199,1,1,16.9,'9782205064148'),
	(1225,2,1,13.1,'9782205056822'),
	(1251,1,2,17.33,'9782205077193'),
	(1279,1,1,9.0,'9782012101425'),
	(1283,1,1,27.5,'9782205066623'),
	(1368,1,1,11.9,'9782215114970'),
	(1386,3,1,10.1,'9782723437202'),
	(1443,1,2,30.0,'9782723435383'),
	(1483,1,2,17.33,'9782205077193'),
	(1577,1,1,6.08,'9782205067996'),
	(1582,1,1,12.2,'9782205064223'),
	(1597,1,1,21.7,'9782070577101'),
	(1605,1,1,9.0,'9782012101425'),
	(1651,2,2,11.76,'9782205055252'),
	(1743,1,4,13.1,'9782205056822'),
	(1807,1,1,5.15,'9782226315243'),
	(1880,1,1,10.81,'9782205058024'),
	(1891,1,1,23.2,'9782205050691'),
	(1921,1,1,36.0,'9782020827201'),
	(1923,1,1,7.85,'9782012101425'),
	(1937,1,1,8.81,'9782205054750'),
	(1975,1,3,11.9,'9782215114970'),
	(2002,2,1,13.1,'9782205056822'),
	(2042,1,1,9.0,'9782012101425'),
	(2061,1,5,16.9,'9782205064148'),
	(2108,1,1,12.2,'9782205064223'),
	(2121,1,1,8.81,'9782205054750'),
	(2150,1,4,11.9,'9782215114789'),
	(2217,1,1,129.65,'9782010033681'),
	(2274,1,1,11.9,'9782226175113'),
	(2322,1,1,4.0,'9782205034066'),
	(2338,2,1,11.76,'9782205055252'),
	(2477,1,1,17.33,'9782205077193'),
	(2609,1,1,5.15,'9782226315243'),
	(2672,1,2,6.08,'9782205067996'),
	(2709,3,1,15.19,'9782205084672'),
	(2750,1,1,23.2,'9782205050691'),
	(2844,1,1,129.65,'9782010033681'),
	(2863,1,1,5.0,'9782205062403'),
	(2919,1,1,5.15,'9782226315243'),
	(2941,1,3,7.85,'9782012101425'),
	(3172,1,1,11.9,'9782226175113'),
	(3194,1,1,27.5,'9782205066623'),
	(3313,1,2,7.85,'9782012101425'),
	(3394,1,1,4.43,'9782080676719'),
	(3418,1,1,4.0,'9782205034066'),
	(3469,1,1,10.1,'9782723437202'),
	(3470,1,3,9.0,'9782012101425'),
	(3588,1,1,36.0,'9782020827201'),
	(3608,2,1,17.33,'9782205077193'),
	(3701,2,1,28.6,'9782330036119'),
	(3706,1,3,129.65,'9782010033681'),
	(3738,1,1,32.0,'9782505002529'),
	(3789,1,1,17.33,'9782205077193'),
	(3834,1,1,10.81,'9782205058024'),
	(3914,1,1,8.81,'9782205054750'),
	(3929,1,1,12.2,'9782205064223'),
	(3935,1,2,4.0,'9782205034066'),
	(3986,1,3,11.9,'9782226175113'),
	(4105,1,3,9.0,'9782012101425'),
	(4133,1,2,5.08,'9782080676719'),
	(4138,1,1,13.5,'9782012101425'),
	(4197,1,1,21.7,'9782070577101'),
	(4444,1,2,10.1,'9782723437202'),
	(4461,1,1,9.0,'9782012101425'),
	(4521,1,1,129.65,'9782010033681'),
	(4785,1,1,7.85,'9782012101425'),
	(4791,1,1,129.65,'9782010033681'),
	(4802,2,1,11.9,'9782215114970'),
	(4835,1,1,13.5,'9782012101425'),
	(5008,1,1,9.0,'9782012101425');

insert into VENDEUR(numVendeur, nomV, prenomV, adresseV, codepostalV, villeV,idmag) values
	(1, 'Bonjoux', 'Lucie', '12 rue des Lilas', '35000', 'Rennes', 3),
	(2, 'Alves', 'Pierre', '8 avenue Victor Hugo', '45000', 'Orléans', 7),
	(3, 'Arroussi', 'Sophie', '25 avenue John Kennedy', '59000', 'Lille', 5),
	(4, 'Akerkoub', 'Julien', '3 rue des Mimosas', '69000', 'Lyon', 6),
	(5, 'Cornille', 'Camille', '15 chemin des Écoles', '13000', 'Marseille', 2),
	(6, 'Roussel', 'Paul', '44 rue de Marmagne', '69000', 'Lyon', 6 );